service_id,vendor_id,business_name,category,service_name,description,price,minimum_notice_days,details
"90404361-b0e4-451b-acb8-69f4a4dcb81c","0cc718ff-94f9-4a00-9c2d-f75bac06342d","Agung Mandiri Planner","event_organizer","Koordinator Hari-H","Untuk yang sudah menyiapkan sendiri semua vendornya dan hanya butuh tim yang menjalankan rundown di hari pelaksanaan.","2450000.00","21","{""tim"":""Satu koordinator dan empat kru lapangan."",""durasi"":""Hari pelaksanaan saja"",""cakupan"":""Pengambilalihan rundown dua minggu sebelum hari-H, gladi bersih, koordinasi vendor di lokasi, dan penanganan kendala."",""kapasitas"":""Sampai 500 tamu"",""jenis_acara"":""Semua jenis acara formal""}"
"17bed1b0-fc5f-4f35-93e9-451498c58fc4","0cc718ff-94f9-4a00-9c2d-f75bac06342d","Agung Mandiri Planner","event_organizer","Paket Lamaran & Engagement","Acara lamaran skala keluarga dengan dekorasi, MC, dan susunan acara adat yang disiapkan sesuai permintaan kedua keluarga.","3500000.00","30","{""tim"":""Satu koordinator dan dua kru lapangan."",""durasi"":""4-5 jam"",""cakupan"":""Dekorasi area lamaran, MC, seserahan, dokumentasi ringan, dan pengaturan alur acara adat."",""kapasitas"":""30-100 tamu"",""jenis_acara"":""Lamaran / engagement""}"
"af4bdda3-c883-4c02-9f5a-1adf36159881","0cc718ff-94f9-4a00-9c2d-f75bac06342d","Agung Mandiri Planner","event_organizer","Seminar & Corporate Gathering","Seminar, workshop, atau gathering karyawan, termasuk kebutuhan teknis presentasi dan pengelolaan peserta.","6300000.00","30","{""tim"":""Satu koordinator, tim registrasi, dan operator teknis."",""durasi"":""Setengah hari sampai dua hari"",""cakupan"":""Tata ruang, perlengkapan presentasi, registrasi peserta, konsumsi, dan dokumentasi acara."",""kapasitas"":""50-300 peserta"",""jenis_acara"":""Seminar / gathering""}"
"eea4b543-1ba0-48b9-9558-6e2498dcafbf","0cc718ff-94f9-4a00-9c2d-f75bac06342d","Agung Mandiri Planner","event_organizer","Wedding Organizer Full Service","Pendampingan penuh sejak perencanaan sampai hari pelaksanaan, termasuk pencarian dan koordinasi seluruh vendor pendukung.","7000000.00","60","{""tim"":""Satu project manager, dua koordinator area, dan tim lapangan yang jumlahnya menyesuaikan besar acara."",""durasi"":""Pendampingan 6-12 bulan"",""cakupan"":""Konsep acara, penyusunan anggaran, kurasi vendor, kontrak, gladi bersih, rundown, sampai koordinasi hari-H dan pembongkaran."",""kapasitas"":""200-800 tamu"",""jenis_acara"":""Pernikahan""}"
"8c78e1a4-66ac-46f8-8572-f6771e81d472","0cc718ff-94f9-4a00-9c2d-f75bac06342d","Agung Mandiri Planner","event_organizer","Gala Dinner Korporat","Malam penghargaan atau jamuan perusahaan dengan panggung, tata cahaya, dan susunan acara yang disiapkan bersama tim internal klien.","9800000.00","45","{""tim"":""Satu event director, tim teknis, dan kru registrasi."",""durasi"":""5-6 jam"",""cakupan"":""Konsep panggung, tata cahaya dan suara, run of show, registrasi tamu, hiburan pengisi acara, dan laporan pasca-acara."",""kapasitas"":""150-500 tamu"",""jenis_acara"":""Gala dinner korporat""}"
"bd2c609d-cb46-40ae-a075-a83992c081da","3af7e406-38a9-4a51-8c93-63be8ce05aa2","Bintang Sejahtera EO","event_organizer","Koordinator Hari-H","Untuk yang sudah menyiapkan sendiri semua vendornya dan hanya butuh tim yang menjalankan rundown di hari pelaksanaan.","700000.00","21","{""tim"":""Satu koordinator dan empat kru lapangan."",""durasi"":""Hari pelaksanaan saja"",""cakupan"":""Pengambilalihan rundown dua minggu sebelum hari-H, gladi bersih, koordinasi vendor di lokasi, dan penanganan kendala."",""kapasitas"":""Sampai 500 tamu"",""jenis_acara"":""Semua jenis acara formal""}"
"9b9381c4-c016-44e8-aa70-8d0f0a785203","3af7e406-38a9-4a51-8c93-63be8ce05aa2","Bintang Sejahtera EO","event_organizer","Paket Lamaran & Engagement","Acara lamaran skala keluarga dengan dekorasi, MC, dan susunan acara adat yang disiapkan sesuai permintaan kedua keluarga.","1000000.00","30","{""tim"":""Satu koordinator dan dua kru lapangan."",""durasi"":""4-5 jam"",""cakupan"":""Dekorasi area lamaran, MC, seserahan, dokumentasi ringan, dan pengaturan alur acara adat."",""kapasitas"":""30-100 tamu"",""jenis_acara"":""Lamaran / engagement""}"
"420bd760-6404-448d-9cfe-6d07c1089d71","3af7e406-38a9-4a51-8c93-63be8ce05aa2","Bintang Sejahtera EO","event_organizer","Seminar & Corporate Gathering","Seminar, workshop, atau gathering karyawan, termasuk kebutuhan teknis presentasi dan pengelolaan peserta.","1800000.00","30","{""tim"":""Satu koordinator, tim registrasi, dan operator teknis."",""durasi"":""Setengah hari sampai dua hari"",""cakupan"":""Tata ruang, perlengkapan presentasi, registrasi peserta, konsumsi, dan dokumentasi acara."",""kapasitas"":""50-300 peserta"",""jenis_acara"":""Seminar / gathering""}"
"c99b286f-70df-4151-b7dd-796a28ec7d6c","3af7e406-38a9-4a51-8c93-63be8ce05aa2","Bintang Sejahtera EO","event_organizer","Wedding Organizer Full Service","Pendampingan penuh sejak perencanaan sampai hari pelaksanaan, termasuk pencarian dan koordinasi seluruh vendor pendukung.","2000000.00","60","{""tim"":""Satu project manager, dua koordinator area, dan tim lapangan yang jumlahnya menyesuaikan besar acara."",""durasi"":""Pendampingan 6-12 bulan"",""cakupan"":""Konsep acara, penyusunan anggaran, kurasi vendor, kontrak, gladi bersih, rundown, sampai koordinasi hari-H dan pembongkaran."",""kapasitas"":""200-800 tamu"",""jenis_acara"":""Pernikahan""}"
"0bd12392-f765-490c-ae4c-77eff7642a52","3af7e406-38a9-4a51-8c93-63be8ce05aa2","Bintang Sejahtera EO","event_organizer","Gala Dinner Korporat","Malam penghargaan atau jamuan perusahaan dengan panggung, tata cahaya, dan susunan acara yang disiapkan bersama tim internal klien.","2800000.00","45","{""tim"":""Satu event director, tim teknis, dan kru registrasi."",""durasi"":""5-6 jam"",""cakupan"":""Konsep panggung, tata cahaya dan suara, run of show, registrasi tamu, hiburan pengisi acara, dan laporan pasca-acara."",""kapasitas"":""150-500 tamu"",""jenis_acara"":""Gala dinner korporat""}"
"b3bb2fe4-39ef-4d72-97a2-c26bd9bf2393","e365e808-7cf0-4867-a440-e9c971909331","Brilliance Organizer","event_organizer","Koordinator Hari-H","Untuk yang sudah menyiapkan sendiri semua vendornya dan hanya butuh tim yang menjalankan rundown di hari pelaksanaan.","1400000.00","21","{""tim"":""Satu koordinator dan empat kru lapangan."",""durasi"":""Hari pelaksanaan saja"",""cakupan"":""Pengambilalihan rundown dua minggu sebelum hari-H, gladi bersih, koordinasi vendor di lokasi, dan penanganan kendala."",""kapasitas"":""Sampai 500 tamu"",""jenis_acara"":""Semua jenis acara formal""}"
"db42797c-f97f-4fe5-87b3-0c2762530546","e365e808-7cf0-4867-a440-e9c971909331","Brilliance Organizer","event_organizer","Paket Lamaran & Engagement","Acara lamaran skala keluarga dengan dekorasi, MC, dan susunan acara adat yang disiapkan sesuai permintaan kedua keluarga.","2000000.00","30","{""tim"":""Satu koordinator dan dua kru lapangan."",""durasi"":""4-5 jam"",""cakupan"":""Dekorasi area lamaran, MC, seserahan, dokumentasi ringan, dan pengaturan alur acara adat."",""kapasitas"":""30-100 tamu"",""jenis_acara"":""Lamaran / engagement""}"
"eb3d7821-e5aa-40f5-adc8-dad6e22e326e","e365e808-7cf0-4867-a440-e9c971909331","Brilliance Organizer","event_organizer","Seminar & Corporate Gathering","Seminar, workshop, atau gathering karyawan, termasuk kebutuhan teknis presentasi dan pengelolaan peserta.","3600000.00","30","{""tim"":""Satu koordinator, tim registrasi, dan operator teknis."",""durasi"":""Setengah hari sampai dua hari"",""cakupan"":""Tata ruang, perlengkapan presentasi, registrasi peserta, konsumsi, dan dokumentasi acara."",""kapasitas"":""50-300 peserta"",""jenis_acara"":""Seminar / gathering""}"
"beb155fd-c2f4-4668-bab4-7a8a05f755fa","e365e808-7cf0-4867-a440-e9c971909331","Brilliance Organizer","event_organizer","Wedding Organizer Full Service","Pendampingan penuh sejak perencanaan sampai hari pelaksanaan, termasuk pencarian dan koordinasi seluruh vendor pendukung.","4000000.00","60","{""tim"":""Satu project manager, dua koordinator area, dan tim lapangan yang jumlahnya menyesuaikan besar acara."",""durasi"":""Pendampingan 6-12 bulan"",""cakupan"":""Konsep acara, penyusunan anggaran, kurasi vendor, kontrak, gladi bersih, rundown, sampai koordinasi hari-H dan pembongkaran."",""kapasitas"":""200-800 tamu"",""jenis_acara"":""Pernikahan""}"
"a5b98630-7a90-4e91-8092-cada97ae425d","e365e808-7cf0-4867-a440-e9c971909331","Brilliance Organizer","event_organizer","Gala Dinner Korporat","Malam penghargaan atau jamuan perusahaan dengan panggung, tata cahaya, dan susunan acara yang disiapkan bersama tim internal klien.","5600000.00","45","{""tim"":""Satu event director, tim teknis, dan kru registrasi."",""durasi"":""5-6 jam"",""cakupan"":""Konsep panggung, tata cahaya dan suara, run of show, registrasi tamu, hiburan pengisi acara, dan laporan pasca-acara."",""kapasitas"":""150-500 tamu"",""jenis_acara"":""Gala dinner korporat""}"
"2e70a5d7-b6c6-4515-b803-dcafe5e3b94b","9f2a7214-94fc-43e3-973f-c2b29012c30a","Cahaya Dekorasi","event_organizer","Koordinator Hari-H","Untuk yang sudah menyiapkan sendiri semua vendornya dan hanya butuh tim yang menjalankan rundown di hari pelaksanaan.","8750000.00","21","{""tim"":""Satu koordinator dan empat kru lapangan."",""durasi"":""Hari pelaksanaan saja"",""cakupan"":""Pengambilalihan rundown dua minggu sebelum hari-H, gladi bersih, koordinasi vendor di lokasi, dan penanganan kendala."",""kapasitas"":""Sampai 500 tamu"",""jenis_acara"":""Semua jenis acara formal""}"
"af018d60-7b39-44c8-81cc-fb77e78c6967","9f2a7214-94fc-43e3-973f-c2b29012c30a","Cahaya Dekorasi","event_organizer","Paket Lamaran & Engagement","Acara lamaran skala keluarga dengan dekorasi, MC, dan susunan acara adat yang disiapkan sesuai permintaan kedua keluarga.","12500000.00","30","{""tim"":""Satu koordinator dan dua kru lapangan."",""durasi"":""4-5 jam"",""cakupan"":""Dekorasi area lamaran, MC, seserahan, dokumentasi ringan, dan pengaturan alur acara adat."",""kapasitas"":""30-100 tamu"",""jenis_acara"":""Lamaran / engagement""}"
"398addfa-ecce-46ae-823b-8dbb612146ef","9f2a7214-94fc-43e3-973f-c2b29012c30a","Cahaya Dekorasi","event_organizer","Seminar & Corporate Gathering","Seminar, workshop, atau gathering karyawan, termasuk kebutuhan teknis presentasi dan pengelolaan peserta.","22500000.00","30","{""tim"":""Satu koordinator, tim registrasi, dan operator teknis."",""durasi"":""Setengah hari sampai dua hari"",""cakupan"":""Tata ruang, perlengkapan presentasi, registrasi peserta, konsumsi, dan dokumentasi acara."",""kapasitas"":""50-300 peserta"",""jenis_acara"":""Seminar / gathering""}"
"594857d6-5c2f-4a9a-9e84-c71d52d5d2c0","9f2a7214-94fc-43e3-973f-c2b29012c30a","Cahaya Dekorasi","event_organizer","Wedding Organizer Full Service","Pendampingan penuh sejak perencanaan sampai hari pelaksanaan, termasuk pencarian dan koordinasi seluruh vendor pendukung.","25000000.00","60","{""tim"":""Satu project manager, dua koordinator area, dan tim lapangan yang jumlahnya menyesuaikan besar acara."",""durasi"":""Pendampingan 6-12 bulan"",""cakupan"":""Konsep acara, penyusunan anggaran, kurasi vendor, kontrak, gladi bersih, rundown, sampai koordinasi hari-H dan pembongkaran."",""kapasitas"":""200-800 tamu"",""jenis_acara"":""Pernikahan""}"
"e6b29c85-f78c-47be-836a-1ab062112fd6","9f2a7214-94fc-43e3-973f-c2b29012c30a","Cahaya Dekorasi","event_organizer","Paket Dekorasi Gala",,"25000000.00","7","{}"
"5deca138-840f-493c-83a2-12ffee2e59b4","9f2a7214-94fc-43e3-973f-c2b29012c30a","Cahaya Dekorasi","event_organizer","Gala Dinner Korporat","Malam penghargaan atau jamuan perusahaan dengan panggung, tata cahaya, dan susunan acara yang disiapkan bersama tim internal klien.","35000000.00","45","{""tim"":""Satu event director, tim teknis, dan kru registrasi."",""durasi"":""5-6 jam"",""cakupan"":""Konsep panggung, tata cahaya dan suara, run of show, registrasi tamu, hiburan pengisi acara, dan laporan pasca-acara."",""kapasitas"":""150-500 tamu"",""jenis_acara"":""Gala dinner korporat""}"
"6e75705f-ac6e-4b68-a13f-b87241142729","d95305c6-6b32-48fe-bca8-e9ff404f2381","Cahaya Nusantara Event","event_organizer","Koordinator Hari-H","Untuk yang sudah menyiapkan sendiri semua vendornya dan hanya butuh tim yang menjalankan rundown di hari pelaksanaan.","1250000.00","21","{""tim"":""Satu koordinator dan empat kru lapangan."",""durasi"":""Hari pelaksanaan saja"",""cakupan"":""Pengambilalihan rundown dua minggu sebelum hari-H, gladi bersih, koordinasi vendor di lokasi, dan penanganan kendala."",""kapasitas"":""Sampai 500 tamu"",""jenis_acara"":""Semua jenis acara formal""}"
"c3e1555b-1330-41c1-80c5-69489b0bd17f","d95305c6-6b32-48fe-bca8-e9ff404f2381","Cahaya Nusantara Event","event_organizer","Paket Lamaran & Engagement","Acara lamaran skala keluarga dengan dekorasi, MC, dan susunan acara adat yang disiapkan sesuai permintaan kedua keluarga.","1750000.00","30","{""tim"":""Satu koordinator dan dua kru lapangan."",""durasi"":""4-5 jam"",""cakupan"":""Dekorasi area lamaran, MC, seserahan, dokumentasi ringan, dan pengaturan alur acara adat."",""kapasitas"":""30-100 tamu"",""jenis_acara"":""Lamaran / engagement""}"
"8a3bb11f-81e8-4c17-a1c1-f982408e8d2b","d95305c6-6b32-48fe-bca8-e9ff404f2381","Cahaya Nusantara Event","event_organizer","Seminar & Corporate Gathering","Seminar, workshop, atau gathering karyawan, termasuk kebutuhan teknis presentasi dan pengelolaan peserta.","3150000.00","30","{""tim"":""Satu koordinator, tim registrasi, dan operator teknis."",""durasi"":""Setengah hari sampai dua hari"",""cakupan"":""Tata ruang, perlengkapan presentasi, registrasi peserta, konsumsi, dan dokumentasi acara."",""kapasitas"":""50-300 peserta"",""jenis_acara"":""Seminar / gathering""}"
"0b623cf7-8d43-43f3-affc-f0708c4bdf01","d95305c6-6b32-48fe-bca8-e9ff404f2381","Cahaya Nusantara Event","event_organizer","Wedding Organizer Full Service","Pendampingan penuh sejak perencanaan sampai hari pelaksanaan, termasuk pencarian dan koordinasi seluruh vendor pendukung.","3500000.00","60","{""tim"":""Satu project manager, dua koordinator area, dan tim lapangan yang jumlahnya menyesuaikan besar acara."",""durasi"":""Pendampingan 6-12 bulan"",""cakupan"":""Konsep acara, penyusunan anggaran, kurasi vendor, kontrak, gladi bersih, rundown, sampai koordinasi hari-H dan pembongkaran."",""kapasitas"":""200-800 tamu"",""jenis_acara"":""Pernikahan""}"
"01b18fa2-8a15-4717-996d-835374f3ba7d","d95305c6-6b32-48fe-bca8-e9ff404f2381","Cahaya Nusantara Event","event_organizer","Gala Dinner Korporat","Malam penghargaan atau jamuan perusahaan dengan panggung, tata cahaya, dan susunan acara yang disiapkan bersama tim internal klien.","4900000.00","45","{""tim"":""Satu event director, tim teknis, dan kru registrasi."",""durasi"":""5-6 jam"",""cakupan"":""Konsep panggung, tata cahaya dan suara, run of show, registrasi tamu, hiburan pengisi acara, dan laporan pasca-acara."",""kapasitas"":""150-500 tamu"",""jenis_acara"":""Gala dinner korporat""}"
"3eb6aeab-2821-4812-ad04-f4e8e0756b1c","5243e7f2-cc12-4394-b46a-8a39eac26d70","Cemerlang Event","event_organizer","Koordinator Hari-H","Untuk yang sudah menyiapkan sendiri semua vendornya dan hanya butuh tim yang menjalankan rundown di hari pelaksanaan.","900000.00","21","{""tim"":""Satu koordinator dan empat kru lapangan."",""durasi"":""Hari pelaksanaan saja"",""cakupan"":""Pengambilalihan rundown dua minggu sebelum hari-H, gladi bersih, koordinasi vendor di lokasi, dan penanganan kendala."",""kapasitas"":""Sampai 500 tamu"",""jenis_acara"":""Semua jenis acara formal""}"
"1be6a26d-8ed6-436d-9eef-530525dedc8a","5243e7f2-cc12-4394-b46a-8a39eac26d70","Cemerlang Event","event_organizer","Paket Lamaran & Engagement","Acara lamaran skala keluarga dengan dekorasi, MC, dan susunan acara adat yang disiapkan sesuai permintaan kedua keluarga.","1250000.00","30","{""tim"":""Satu koordinator dan dua kru lapangan."",""durasi"":""4-5 jam"",""cakupan"":""Dekorasi area lamaran, MC, seserahan, dokumentasi ringan, dan pengaturan alur acara adat."",""kapasitas"":""30-100 tamu"",""jenis_acara"":""Lamaran / engagement""}"
"8e76f52f-6e26-45ef-8684-b8377842b989","5243e7f2-cc12-4394-b46a-8a39eac26d70","Cemerlang Event","event_organizer","Seminar & Corporate Gathering","Seminar, workshop, atau gathering karyawan, termasuk kebutuhan teknis presentasi dan pengelolaan peserta.","2250000.00","30","{""tim"":""Satu koordinator, tim registrasi, dan operator teknis."",""durasi"":""Setengah hari sampai dua hari"",""cakupan"":""Tata ruang, perlengkapan presentasi, registrasi peserta, konsumsi, dan dokumentasi acara."",""kapasitas"":""50-300 peserta"",""jenis_acara"":""Seminar / gathering""}"
"ba753e8f-a9fa-48f0-b61e-1c22cfd0ccf8","5243e7f2-cc12-4394-b46a-8a39eac26d70","Cemerlang Event","event_organizer","Wedding Organizer Full Service","Pendampingan penuh sejak perencanaan sampai hari pelaksanaan, termasuk pencarian dan koordinasi seluruh vendor pendukung.","2500000.00","60","{""tim"":""Satu project manager, dua koordinator area, dan tim lapangan yang jumlahnya menyesuaikan besar acara."",""durasi"":""Pendampingan 6-12 bulan"",""cakupan"":""Konsep acara, penyusunan anggaran, kurasi vendor, kontrak, gladi bersih, rundown, sampai koordinasi hari-H dan pembongkaran."",""kapasitas"":""200-800 tamu"",""jenis_acara"":""Pernikahan""}"
"79e11788-5bb1-4170-b9b2-225519dbd597","5243e7f2-cc12-4394-b46a-8a39eac26d70","Cemerlang Event","event_organizer","Gala Dinner Korporat","Malam penghargaan atau jamuan perusahaan dengan panggung, tata cahaya, dan susunan acara yang disiapkan bersama tim internal klien.","3500000.00","45","{""tim"":""Satu event director, tim teknis, dan kru registrasi."",""durasi"":""5-6 jam"",""cakupan"":""Konsep panggung, tata cahaya dan suara, run of show, registrasi tamu, hiburan pengisi acara, dan laporan pasca-acara."",""kapasitas"":""150-500 tamu"",""jenis_acara"":""Gala dinner korporat""}"
"b72b50fa-c1ec-48bb-97a1-a9ea2aac2369","6a8061fb-804f-48bd-b79b-2c2f119d6738","Dudung Luxury","event_organizer","Paket Event Organizer Dasar","Ngetes buat akun aja bang","15000000.00","7","{}"
"80f87724-72d3-4650-a315-c64aeffb4e90","fe9bdda5-e8d7-485c-bbf8-1ae63f2598cf","Duta Prima Organizer","event_organizer","Koordinator Hari-H","Untuk yang sudah menyiapkan sendiri semua vendornya dan hanya butuh tim yang menjalankan rundown di hari pelaksanaan.","1900000.00","21","{""tim"":""Satu koordinator dan empat kru lapangan."",""durasi"":""Hari pelaksanaan saja"",""cakupan"":""Pengambilalihan rundown dua minggu sebelum hari-H, gladi bersih, koordinasi vendor di lokasi, dan penanganan kendala."",""kapasitas"":""Sampai 500 tamu"",""jenis_acara"":""Semua jenis acara formal""}"
"e1a89719-6b25-48a3-94d6-a0169460ccac","fe9bdda5-e8d7-485c-bbf8-1ae63f2598cf","Duta Prima Organizer","event_organizer","Paket Lamaran & Engagement","Acara lamaran skala keluarga dengan dekorasi, MC, dan susunan acara adat yang disiapkan sesuai permintaan kedua keluarga.","2750000.00","30","{""tim"":""Satu koordinator dan dua kru lapangan."",""durasi"":""4-5 jam"",""cakupan"":""Dekorasi area lamaran, MC, seserahan, dokumentasi ringan, dan pengaturan alur acara adat."",""kapasitas"":""30-100 tamu"",""jenis_acara"":""Lamaran / engagement""}"
"66f6f1b0-ada2-4141-af24-c0111c246ab6","fe9bdda5-e8d7-485c-bbf8-1ae63f2598cf","Duta Prima Organizer","event_organizer","Seminar & Corporate Gathering","Seminar, workshop, atau gathering karyawan, termasuk kebutuhan teknis presentasi dan pengelolaan peserta.","4950000.00","30","{""tim"":""Satu koordinator, tim registrasi, dan operator teknis."",""durasi"":""Setengah hari sampai dua hari"",""cakupan"":""Tata ruang, perlengkapan presentasi, registrasi peserta, konsumsi, dan dokumentasi acara."",""kapasitas"":""50-300 peserta"",""jenis_acara"":""Seminar / gathering""}"
"7b00dbe7-83b9-4d26-b641-526850877c3b","fe9bdda5-e8d7-485c-bbf8-1ae63f2598cf","Duta Prima Organizer","event_organizer","Wedding Organizer Full Service","Pendampingan penuh sejak perencanaan sampai hari pelaksanaan, termasuk pencarian dan koordinasi seluruh vendor pendukung.","5500000.00","60","{""tim"":""Satu project manager, dua koordinator area, dan tim lapangan yang jumlahnya menyesuaikan besar acara."",""durasi"":""Pendampingan 6-12 bulan"",""cakupan"":""Konsep acara, penyusunan anggaran, kurasi vendor, kontrak, gladi bersih, rundown, sampai koordinasi hari-H dan pembongkaran."",""kapasitas"":""200-800 tamu"",""jenis_acara"":""Pernikahan""}"
"dec93c38-9fae-4b29-ad73-27d5c4fa342c","fe9bdda5-e8d7-485c-bbf8-1ae63f2598cf","Duta Prima Organizer","event_organizer","Gala Dinner Korporat","Malam penghargaan atau jamuan perusahaan dengan panggung, tata cahaya, dan susunan acara yang disiapkan bersama tim internal klien.","7700000.00","45","{""tim"":""Satu event director, tim teknis, dan kru registrasi."",""durasi"":""5-6 jam"",""cakupan"":""Konsep panggung, tata cahaya dan suara, run of show, registrasi tamu, hiburan pengisi acara, dan laporan pasca-acara."",""kapasitas"":""150-500 tamu"",""jenis_acara"":""Gala dinner korporat""}"
"92bc0751-4ba5-49e4-90dd-1371d8eb65e0","101960fc-eaf4-41c4-acf1-0c2a601d3960","Elegan Event House","event_organizer","Koordinator Hari-H","Untuk yang sudah menyiapkan sendiri semua vendornya dan hanya butuh tim yang menjalankan rundown di hari pelaksanaan.","1600000.00","21","{""tim"":""Satu koordinator dan empat kru lapangan."",""durasi"":""Hari pelaksanaan saja"",""cakupan"":""Pengambilalihan rundown dua minggu sebelum hari-H, gladi bersih, koordinasi vendor di lokasi, dan penanganan kendala."",""kapasitas"":""Sampai 500 tamu"",""jenis_acara"":""Semua jenis acara formal""}"
"0a0ca28a-dabe-4eb7-9fcd-15e526aabac8","101960fc-eaf4-41c4-acf1-0c2a601d3960","Elegan Event House","event_organizer","Paket Lamaran & Engagement","Acara lamaran skala keluarga dengan dekorasi, MC, dan susunan acara adat yang disiapkan sesuai permintaan kedua keluarga.","2250000.00","30","{""tim"":""Satu koordinator dan dua kru lapangan."",""durasi"":""4-5 jam"",""cakupan"":""Dekorasi area lamaran, MC, seserahan, dokumentasi ringan, dan pengaturan alur acara adat."",""kapasitas"":""30-100 tamu"",""jenis_acara"":""Lamaran / engagement""}"
"b7cbe46e-fc67-425f-bf2f-ddf76e05820e","101960fc-eaf4-41c4-acf1-0c2a601d3960","Elegan Event House","event_organizer","Seminar & Corporate Gathering","Seminar, workshop, atau gathering karyawan, termasuk kebutuhan teknis presentasi dan pengelolaan peserta.","4050000.00","30","{""tim"":""Satu koordinator, tim registrasi, dan operator teknis."",""durasi"":""Setengah hari sampai dua hari"",""cakupan"":""Tata ruang, perlengkapan presentasi, registrasi peserta, konsumsi, dan dokumentasi acara."",""kapasitas"":""50-300 peserta"",""jenis_acara"":""Seminar / gathering""}"
"0ea37db4-a378-4d99-b230-eb2b96ecbf78","101960fc-eaf4-41c4-acf1-0c2a601d3960","Elegan Event House","event_organizer","Wedding Organizer Full Service","Pendampingan penuh sejak perencanaan sampai hari pelaksanaan, termasuk pencarian dan koordinasi seluruh vendor pendukung.","4500000.00","60","{""tim"":""Satu project manager, dua koordinator area, dan tim lapangan yang jumlahnya menyesuaikan besar acara."",""durasi"":""Pendampingan 6-12 bulan"",""cakupan"":""Konsep acara, penyusunan anggaran, kurasi vendor, kontrak, gladi bersih, rundown, sampai koordinasi hari-H dan pembongkaran."",""kapasitas"":""200-800 tamu"",""jenis_acara"":""Pernikahan""}"
"fec1ed43-cc75-486e-a1ce-83675b7486da","101960fc-eaf4-41c4-acf1-0c2a601d3960","Elegan Event House","event_organizer","Gala Dinner Korporat","Malam penghargaan atau jamuan perusahaan dengan panggung, tata cahaya, dan susunan acara yang disiapkan bersama tim internal klien.","6300000.00","45","{""tim"":""Satu event director, tim teknis, dan kru registrasi."",""durasi"":""5-6 jam"",""cakupan"":""Konsep panggung, tata cahaya dan suara, run of show, registrasi tamu, hiburan pengisi acara, dan laporan pasca-acara."",""kapasitas"":""150-500 tamu"",""jenis_acara"":""Gala dinner korporat""}"
"335dcbef-8b5b-4001-87d9-819b7ef83b75","84159fcf-4c20-4e7a-b8b0-871c1a2e3d9f","Festive Glory Planner","event_organizer","Koordinator Hari-H","Untuk yang sudah menyiapkan sendiri semua vendornya dan hanya butuh tim yang menjalankan rundown di hari pelaksanaan.","2800000.00","21","{""tim"":""Satu koordinator dan empat kru lapangan."",""durasi"":""Hari pelaksanaan saja"",""cakupan"":""Pengambilalihan rundown dua minggu sebelum hari-H, gladi bersih, koordinasi vendor di lokasi, dan penanganan kendala."",""kapasitas"":""Sampai 500 tamu"",""jenis_acara"":""Semua jenis acara formal""}"
"6641c340-6a50-4be0-82a7-8b9bcdf4d63d","84159fcf-4c20-4e7a-b8b0-871c1a2e3d9f","Festive Glory Planner","event_organizer","Paket Lamaran & Engagement","Acara lamaran skala keluarga dengan dekorasi, MC, dan susunan acara adat yang disiapkan sesuai permintaan kedua keluarga.","4000000.00","30","{""tim"":""Satu koordinator dan dua kru lapangan."",""durasi"":""4-5 jam"",""cakupan"":""Dekorasi area lamaran, MC, seserahan, dokumentasi ringan, dan pengaturan alur acara adat."",""kapasitas"":""30-100 tamu"",""jenis_acara"":""Lamaran / engagement""}"
"5e08bce5-dd70-4a11-90ac-9eda157779aa","84159fcf-4c20-4e7a-b8b0-871c1a2e3d9f","Festive Glory Planner","event_organizer","Seminar & Corporate Gathering","Seminar, workshop, atau gathering karyawan, termasuk kebutuhan teknis presentasi dan pengelolaan peserta.","7200000.00","30","{""tim"":""Satu koordinator, tim registrasi, dan operator teknis."",""durasi"":""Setengah hari sampai dua hari"",""cakupan"":""Tata ruang, perlengkapan presentasi, registrasi peserta, konsumsi, dan dokumentasi acara."",""kapasitas"":""50-300 peserta"",""jenis_acara"":""Seminar / gathering""}"
"c842effa-81dd-4908-b4b3-d52745122e39","84159fcf-4c20-4e7a-b8b0-871c1a2e3d9f","Festive Glory Planner","event_organizer","Wedding Organizer Full Service","Pendampingan penuh sejak perencanaan sampai hari pelaksanaan, termasuk pencarian dan koordinasi seluruh vendor pendukung.","8000000.00","60","{""tim"":""Satu project manager, dua koordinator area, dan tim lapangan yang jumlahnya menyesuaikan besar acara."",""durasi"":""Pendampingan 6-12 bulan"",""cakupan"":""Konsep acara, penyusunan anggaran, kurasi vendor, kontrak, gladi bersih, rundown, sampai koordinasi hari-H dan pembongkaran."",""kapasitas"":""200-800 tamu"",""jenis_acara"":""Pernikahan""}"
"0ddbb0f0-81aa-4121-ac1a-2613d9ddbeb5","84159fcf-4c20-4e7a-b8b0-871c1a2e3d9f","Festive Glory Planner","event_organizer","Gala Dinner Korporat","Malam penghargaan atau jamuan perusahaan dengan panggung, tata cahaya, dan susunan acara yang disiapkan bersama tim internal klien.","11200000.00","45","{""tim"":""Satu event director, tim teknis, dan kru registrasi."",""durasi"":""5-6 jam"",""cakupan"":""Konsep panggung, tata cahaya dan suara, run of show, registrasi tamu, hiburan pengisi acara, dan laporan pasca-acara."",""kapasitas"":""150-500 tamu"",""jenis_acara"":""Gala dinner korporat""}"
"1189eb2f-d059-4493-bd12-9c376f2e3bf3","95698257-f4c7-4fcc-9473-f511fabd06be","Gemilang Sejati EO","event_organizer","Koordinator Hari-H","Untuk yang sudah menyiapkan sendiri semua vendornya dan hanya butuh tim yang menjalankan rundown di hari pelaksanaan.","650000.00","21","{""tim"":""Satu koordinator dan empat kru lapangan."",""durasi"":""Hari pelaksanaan saja"",""cakupan"":""Pengambilalihan rundown dua minggu sebelum hari-H, gladi bersih, koordinasi vendor di lokasi, dan penanganan kendala."",""kapasitas"":""Sampai 500 tamu"",""jenis_acara"":""Semua jenis acara formal""}"
"07469e94-c789-4d08-a1ea-f0af53ea3b19","95698257-f4c7-4fcc-9473-f511fabd06be","Gemilang Sejati EO","event_organizer","Paket Lamaran & Engagement","Acara lamaran skala keluarga dengan dekorasi, MC, dan susunan acara adat yang disiapkan sesuai permintaan kedua keluarga.","900000.00","30","{""tim"":""Satu koordinator dan dua kru lapangan."",""durasi"":""4-5 jam"",""cakupan"":""Dekorasi area lamaran, MC, seserahan, dokumentasi ringan, dan pengaturan alur acara adat."",""kapasitas"":""30-100 tamu"",""jenis_acara"":""Lamaran / engagement""}"
"43f42242-d512-4680-bae3-d3f33e6ab4d3","95698257-f4c7-4fcc-9473-f511fabd06be","Gemilang Sejati EO","event_organizer","Seminar & Corporate Gathering","Seminar, workshop, atau gathering karyawan, termasuk kebutuhan teknis presentasi dan pengelolaan peserta.","1600000.00","30","{""tim"":""Satu koordinator, tim registrasi, dan operator teknis."",""durasi"":""Setengah hari sampai dua hari"",""cakupan"":""Tata ruang, perlengkapan presentasi, registrasi peserta, konsumsi, dan dokumentasi acara."",""kapasitas"":""50-300 peserta"",""jenis_acara"":""Seminar / gathering""}"
"5452b672-1072-49e4-a05e-f0437157c453","95698257-f4c7-4fcc-9473-f511fabd06be","Gemilang Sejati EO","event_organizer","Wedding Organizer Full Service","Pendampingan penuh sejak perencanaan sampai hari pelaksanaan, termasuk pencarian dan koordinasi seluruh vendor pendukung.","1800000.00","60","{""tim"":""Satu project manager, dua koordinator area, dan tim lapangan yang jumlahnya menyesuaikan besar acara."",""durasi"":""Pendampingan 6-12 bulan"",""cakupan"":""Konsep acara, penyusunan anggaran, kurasi vendor, kontrak, gladi bersih, rundown, sampai koordinasi hari-H dan pembongkaran."",""kapasitas"":""200-800 tamu"",""jenis_acara"":""Pernikahan""}"
"959e5cfc-8ec1-425d-a7d4-4aeb923f8338","95698257-f4c7-4fcc-9473-f511fabd06be","Gemilang Sejati EO","event_organizer","Gala Dinner Korporat","Malam penghargaan atau jamuan perusahaan dengan panggung, tata cahaya, dan susunan acara yang disiapkan bersama tim internal klien.","2500000.00","45","{""tim"":""Satu event director, tim teknis, dan kru registrasi."",""durasi"":""5-6 jam"",""cakupan"":""Konsep panggung, tata cahaya dan suara, run of show, registrasi tamu, hiburan pengisi acara, dan laporan pasca-acara."",""kapasitas"":""150-500 tamu"",""jenis_acara"":""Gala dinner korporat""}"
"5b5d48eb-f1a4-4dff-8cf0-7e99867ac805","be44814f-7756-403e-a1f2-e667ff1c7c40","Grand Festive Co.","event_organizer","Koordinator Hari-H","Untuk yang sudah menyiapkan sendiri semua vendornya dan hanya butuh tim yang menjalankan rundown di hari pelaksanaan.","2100000.00","21","{""tim"":""Satu koordinator dan empat kru lapangan."",""durasi"":""Hari pelaksanaan saja"",""cakupan"":""Pengambilalihan rundown dua minggu sebelum hari-H, gladi bersih, koordinasi vendor di lokasi, dan penanganan kendala."",""kapasitas"":""Sampai 500 tamu"",""jenis_acara"":""Semua jenis acara formal""}"
"45275a39-a1aa-402b-b99b-763bf41bc3e0","be44814f-7756-403e-a1f2-e667ff1c7c40","Grand Festive Co.","event_organizer","Paket Lamaran & Engagement","Acara lamaran skala keluarga dengan dekorasi, MC, dan susunan acara adat yang disiapkan sesuai permintaan kedua keluarga.","3000000.00","30","{""tim"":""Satu koordinator dan dua kru lapangan."",""durasi"":""4-5 jam"",""cakupan"":""Dekorasi area lamaran, MC, seserahan, dokumentasi ringan, dan pengaturan alur acara adat."",""kapasitas"":""30-100 tamu"",""jenis_acara"":""Lamaran / engagement""}"
"010c8893-7b01-4cec-8dc9-2d8fab424e0e","be44814f-7756-403e-a1f2-e667ff1c7c40","Grand Festive Co.","event_organizer","Seminar & Corporate Gathering","Seminar, workshop, atau gathering karyawan, termasuk kebutuhan teknis presentasi dan pengelolaan peserta.","5400000.00","30","{""tim"":""Satu koordinator, tim registrasi, dan operator teknis."",""durasi"":""Setengah hari sampai dua hari"",""cakupan"":""Tata ruang, perlengkapan presentasi, registrasi peserta, konsumsi, dan dokumentasi acara."",""kapasitas"":""50-300 peserta"",""jenis_acara"":""Seminar / gathering""}"
"f4e790f4-db33-40cd-959f-10f680f53f7b","be44814f-7756-403e-a1f2-e667ff1c7c40","Grand Festive Co.","event_organizer","Wedding Organizer Full Service","Pendampingan penuh sejak perencanaan sampai hari pelaksanaan, termasuk pencarian dan koordinasi seluruh vendor pendukung.","6000000.00","60","{""tim"":""Satu project manager, dua koordinator area, dan tim lapangan yang jumlahnya menyesuaikan besar acara."",""durasi"":""Pendampingan 6-12 bulan"",""cakupan"":""Konsep acara, penyusunan anggaran, kurasi vendor, kontrak, gladi bersih, rundown, sampai koordinasi hari-H dan pembongkaran."",""kapasitas"":""200-800 tamu"",""jenis_acara"":""Pernikahan""}"
"ed7a9082-e6c1-41be-b034-7b1b4788ffb5","be44814f-7756-403e-a1f2-e667ff1c7c40","Grand Festive Co.","event_organizer","Gala Dinner Korporat","Malam penghargaan atau jamuan perusahaan dengan panggung, tata cahaya, dan susunan acara yang disiapkan bersama tim internal klien.","8400000.00","45","{""tim"":""Satu event director, tim teknis, dan kru registrasi."",""durasi"":""5-6 jam"",""cakupan"":""Konsep panggung, tata cahaya dan suara, run of show, registrasi tamu, hiburan pengisi acara, dan laporan pasca-acara."",""kapasitas"":""150-500 tamu"",""jenis_acara"":""Gala dinner korporat""}"
"06bde149-7f41-4bb9-97e9-255747eaaadf","4f5b23f9-dd8b-408c-9d39-630b1a326aaa","Harmoni Sukses Event","event_organizer","Koordinator Hari-H","Untuk yang sudah menyiapkan sendiri semua vendornya dan hanya butuh tim yang menjalankan rundown di hari pelaksanaan.","1050000.00","21","{""tim"":""Satu koordinator dan empat kru lapangan."",""durasi"":""Hari pelaksanaan saja"",""cakupan"":""Pengambilalihan rundown dua minggu sebelum hari-H, gladi bersih, koordinasi vendor di lokasi, dan penanganan kendala."",""kapasitas"":""Sampai 500 tamu"",""jenis_acara"":""Semua jenis acara formal""}"
"b5dbfc6d-6a2b-4160-902d-94804f059bcf","4f5b23f9-dd8b-408c-9d39-630b1a326aaa","Harmoni Sukses Event","event_organizer","Paket Lamaran & Engagement","Acara lamaran skala keluarga dengan dekorasi, MC, dan susunan acara adat yang disiapkan sesuai permintaan kedua keluarga.","1500000.00","30","{""tim"":""Satu koordinator dan dua kru lapangan."",""durasi"":""4-5 jam"",""cakupan"":""Dekorasi area lamaran, MC, seserahan, dokumentasi ringan, dan pengaturan alur acara adat."",""kapasitas"":""30-100 tamu"",""jenis_acara"":""Lamaran / engagement""}"
"0528df40-eca5-43fb-9206-ce9f066be7ae","4f5b23f9-dd8b-408c-9d39-630b1a326aaa","Harmoni Sukses Event","event_organizer","Seminar & Corporate Gathering","Seminar, workshop, atau gathering karyawan, termasuk kebutuhan teknis presentasi dan pengelolaan peserta.","2700000.00","30","{""tim"":""Satu koordinator, tim registrasi, dan operator teknis."",""durasi"":""Setengah hari sampai dua hari"",""cakupan"":""Tata ruang, perlengkapan presentasi, registrasi peserta, konsumsi, dan dokumentasi acara."",""kapasitas"":""50-300 peserta"",""jenis_acara"":""Seminar / gathering""}"
"94343377-0049-40ef-a4ef-4a96e82a90d4","4f5b23f9-dd8b-408c-9d39-630b1a326aaa","Harmoni Sukses Event","event_organizer","Wedding Organizer Full Service","Pendampingan penuh sejak perencanaan sampai hari pelaksanaan, termasuk pencarian dan koordinasi seluruh vendor pendukung.","3000000.00","60","{""tim"":""Satu project manager, dua koordinator area, dan tim lapangan yang jumlahnya menyesuaikan besar acara."",""durasi"":""Pendampingan 6-12 bulan"",""cakupan"":""Konsep acara, penyusunan anggaran, kurasi vendor, kontrak, gladi bersih, rundown, sampai koordinasi hari-H dan pembongkaran."",""kapasitas"":""200-800 tamu"",""jenis_acara"":""Pernikahan""}"
"b3915d53-6793-4a16-a769-f370f40d5c0e","4f5b23f9-dd8b-408c-9d39-630b1a326aaa","Harmoni Sukses Event","event_organizer","Gala Dinner Korporat","Malam penghargaan atau jamuan perusahaan dengan panggung, tata cahaya, dan susunan acara yang disiapkan bersama tim internal klien.","4200000.00","45","{""tim"":""Satu event director, tim teknis, dan kru registrasi."",""durasi"":""5-6 jam"",""cakupan"":""Konsep panggung, tata cahaya dan suara, run of show, registrasi tamu, hiburan pengisi acara, dan laporan pasca-acara."",""kapasitas"":""150-500 tamu"",""jenis_acara"":""Gala dinner korporat""}"
"cf06be3e-26f0-400d-9b7a-18e72bd2b7b8","e8214ef4-5fb3-48f2-95c7-7776a5a99223","Harmonia Event Studio","event_organizer","Koordinator Hari-H","Untuk yang sudah menyiapkan sendiri semua vendornya dan hanya butuh tim yang menjalankan rundown di hari pelaksanaan.","1450000.00","21","{""tim"":""Satu koordinator dan empat kru lapangan."",""durasi"":""Hari pelaksanaan saja"",""cakupan"":""Pengambilalihan rundown dua minggu sebelum hari-H, gladi bersih, koordinasi vendor di lokasi, dan penanganan kendala."",""kapasitas"":""Sampai 500 tamu"",""jenis_acara"":""Semua jenis acara formal""}"
"73e45872-ba87-444d-9d4c-4a48c1c79bc9","e8214ef4-5fb3-48f2-95c7-7776a5a99223","Harmonia Event Studio","event_organizer","Paket Lamaran & Engagement","Acara lamaran skala keluarga dengan dekorasi, MC, dan susunan acara adat yang disiapkan sesuai permintaan kedua keluarga.","2100000.00","30","{""tim"":""Satu koordinator dan dua kru lapangan."",""durasi"":""4-5 jam"",""cakupan"":""Dekorasi area lamaran, MC, seserahan, dokumentasi ringan, dan pengaturan alur acara adat."",""kapasitas"":""30-100 tamu"",""jenis_acara"":""Lamaran / engagement""}"
"58856f1e-6a43-4d19-bc8d-eedbe6ed834d","e8214ef4-5fb3-48f2-95c7-7776a5a99223","Harmonia Event Studio","event_organizer","Seminar & Corporate Gathering","Seminar, workshop, atau gathering karyawan, termasuk kebutuhan teknis presentasi dan pengelolaan peserta.","3800000.00","30","{""tim"":""Satu koordinator, tim registrasi, dan operator teknis."",""durasi"":""Setengah hari sampai dua hari"",""cakupan"":""Tata ruang, perlengkapan presentasi, registrasi peserta, konsumsi, dan dokumentasi acara."",""kapasitas"":""50-300 peserta"",""jenis_acara"":""Seminar / gathering""}"
"d7c4aaf0-e2ee-4901-9813-3122d80877c0","e8214ef4-5fb3-48f2-95c7-7776a5a99223","Harmonia Event Studio","event_organizer","Wedding Organizer Full Service","Pendampingan penuh sejak perencanaan sampai hari pelaksanaan, termasuk pencarian dan koordinasi seluruh vendor pendukung.","4200000.00","60","{""tim"":""Satu project manager, dua koordinator area, dan tim lapangan yang jumlahnya menyesuaikan besar acara."",""durasi"":""Pendampingan 6-12 bulan"",""cakupan"":""Konsep acara, penyusunan anggaran, kurasi vendor, kontrak, gladi bersih, rundown, sampai koordinasi hari-H dan pembongkaran."",""kapasitas"":""200-800 tamu"",""jenis_acara"":""Pernikahan""}"
"cc5228be-92fd-49f5-b590-e3f75b4f2fbf","e8214ef4-5fb3-48f2-95c7-7776a5a99223","Harmonia Event Studio","event_organizer","Gala Dinner Korporat","Malam penghargaan atau jamuan perusahaan dengan panggung, tata cahaya, dan susunan acara yang disiapkan bersama tim internal klien.","5900000.00","45","{""tim"":""Satu event director, tim teknis, dan kru registrasi."",""durasi"":""5-6 jam"",""cakupan"":""Konsep panggung, tata cahaya dan suara, run of show, registrasi tamu, hiburan pengisi acara, dan laporan pasca-acara."",""kapasitas"":""150-500 tamu"",""jenis_acara"":""Gala dinner korporat""}"
"e0228f5b-056a-4e1e-9b42-6d52d8c92b59","985e2f38-8024-48b9-bf0f-594fa409fa12","Indah Bersama Organizer","event_organizer","Koordinator Hari-H","Untuk yang sudah menyiapkan sendiri semua vendornya dan hanya butuh tim yang menjalankan rundown di hari pelaksanaan.","1100000.00","21","{""tim"":""Satu koordinator dan empat kru lapangan."",""durasi"":""Hari pelaksanaan saja"",""cakupan"":""Pengambilalihan rundown dua minggu sebelum hari-H, gladi bersih, koordinasi vendor di lokasi, dan penanganan kendala."",""kapasitas"":""Sampai 500 tamu"",""jenis_acara"":""Semua jenis acara formal""}"
"739ab186-07bc-4058-82f8-dd1f6628b92e","985e2f38-8024-48b9-bf0f-594fa409fa12","Indah Bersama Organizer","event_organizer","Paket Lamaran & Engagement","Acara lamaran skala keluarga dengan dekorasi, MC, dan susunan acara adat yang disiapkan sesuai permintaan kedua keluarga.","1600000.00","30","{""tim"":""Satu koordinator dan dua kru lapangan."",""durasi"":""4-5 jam"",""cakupan"":""Dekorasi area lamaran, MC, seserahan, dokumentasi ringan, dan pengaturan alur acara adat."",""kapasitas"":""30-100 tamu"",""jenis_acara"":""Lamaran / engagement""}"
"029d8c4d-2394-47b6-a054-2d8267a53461","985e2f38-8024-48b9-bf0f-594fa409fa12","Indah Bersama Organizer","event_organizer","Seminar & Corporate Gathering","Seminar, workshop, atau gathering karyawan, termasuk kebutuhan teknis presentasi dan pengelolaan peserta.","2900000.00","30","{""tim"":""Satu koordinator, tim registrasi, dan operator teknis."",""durasi"":""Setengah hari sampai dua hari"",""cakupan"":""Tata ruang, perlengkapan presentasi, registrasi peserta, konsumsi, dan dokumentasi acara."",""kapasitas"":""50-300 peserta"",""jenis_acara"":""Seminar / gathering""}"
"d19db29b-65b7-48cd-8c43-6372f74c49fd","985e2f38-8024-48b9-bf0f-594fa409fa12","Indah Bersama Organizer","event_organizer","Wedding Organizer Full Service","Pendampingan penuh sejak perencanaan sampai hari pelaksanaan, termasuk pencarian dan koordinasi seluruh vendor pendukung.","3200000.00","60","{""tim"":""Satu project manager, dua koordinator area, dan tim lapangan yang jumlahnya menyesuaikan besar acara."",""durasi"":""Pendampingan 6-12 bulan"",""cakupan"":""Konsep acara, penyusunan anggaran, kurasi vendor, kontrak, gladi bersih, rundown, sampai koordinasi hari-H dan pembongkaran."",""kapasitas"":""200-800 tamu"",""jenis_acara"":""Pernikahan""}"
"fb985a9a-a78f-4623-96b2-4ece85d02087","985e2f38-8024-48b9-bf0f-594fa409fa12","Indah Bersama Organizer","event_organizer","Gala Dinner Korporat","Malam penghargaan atau jamuan perusahaan dengan panggung, tata cahaya, dan susunan acara yang disiapkan bersama tim internal klien.","4500000.00","45","{""tim"":""Satu event director, tim teknis, dan kru registrasi."",""durasi"":""5-6 jam"",""cakupan"":""Konsep panggung, tata cahaya dan suara, run of show, registrasi tamu, hiburan pengisi acara, dan laporan pasca-acara."",""kapasitas"":""150-500 tamu"",""jenis_acara"":""Gala dinner korporat""}"
"27cd9876-4908-482a-91c7-516c9f166474","e62e8eb6-6b4b-4d83-bda4-a9374152bdd0","Jaya Mandiri Planner","event_organizer","Koordinator Hari-H","Untuk yang sudah menyiapkan sendiri semua vendornya dan hanya butuh tim yang menjalankan rundown di hari pelaksanaan.","1750000.00","21","{""tim"":""Satu koordinator dan empat kru lapangan."",""durasi"":""Hari pelaksanaan saja"",""cakupan"":""Pengambilalihan rundown dua minggu sebelum hari-H, gladi bersih, koordinasi vendor di lokasi, dan penanganan kendala."",""kapasitas"":""Sampai 500 tamu"",""jenis_acara"":""Semua jenis acara formal""}"
"28bf775a-e029-42e0-bea1-2bcab7dc00d3","e62e8eb6-6b4b-4d83-bda4-a9374152bdd0","Jaya Mandiri Planner","event_organizer","Paket Lamaran & Engagement","Acara lamaran skala keluarga dengan dekorasi, MC, dan susunan acara adat yang disiapkan sesuai permintaan kedua keluarga.","2500000.00","30","{""tim"":""Satu koordinator dan dua kru lapangan."",""durasi"":""4-5 jam"",""cakupan"":""Dekorasi area lamaran, MC, seserahan, dokumentasi ringan, dan pengaturan alur acara adat."",""kapasitas"":""30-100 tamu"",""jenis_acara"":""Lamaran / engagement""}"
"ecdaf557-062c-4c79-a146-5438da06f3cd","e62e8eb6-6b4b-4d83-bda4-a9374152bdd0","Jaya Mandiri Planner","event_organizer","Seminar & Corporate Gathering","Seminar, workshop, atau gathering karyawan, termasuk kebutuhan teknis presentasi dan pengelolaan peserta.","4500000.00","30","{""tim"":""Satu koordinator, tim registrasi, dan operator teknis."",""durasi"":""Setengah hari sampai dua hari"",""cakupan"":""Tata ruang, perlengkapan presentasi, registrasi peserta, konsumsi, dan dokumentasi acara."",""kapasitas"":""50-300 peserta"",""jenis_acara"":""Seminar / gathering""}"
"5a3f4e04-04f0-4679-a72d-a8b8704affa3","e62e8eb6-6b4b-4d83-bda4-a9374152bdd0","Jaya Mandiri Planner","event_organizer","Wedding Organizer Full Service","Pendampingan penuh sejak perencanaan sampai hari pelaksanaan, termasuk pencarian dan koordinasi seluruh vendor pendukung.","5000000.00","60","{""tim"":""Satu project manager, dua koordinator area, dan tim lapangan yang jumlahnya menyesuaikan besar acara."",""durasi"":""Pendampingan 6-12 bulan"",""cakupan"":""Konsep acara, penyusunan anggaran, kurasi vendor, kontrak, gladi bersih, rundown, sampai koordinasi hari-H dan pembongkaran."",""kapasitas"":""200-800 tamu"",""jenis_acara"":""Pernikahan""}"
"7a73fa15-7fc1-4b1d-8593-ca37a814eac9","e62e8eb6-6b4b-4d83-bda4-a9374152bdd0","Jaya Mandiri Planner","event_organizer","Gala Dinner Korporat","Malam penghargaan atau jamuan perusahaan dengan panggung, tata cahaya, dan susunan acara yang disiapkan bersama tim internal klien.","7000000.00","45","{""tim"":""Satu event director, tim teknis, dan kru registrasi."",""durasi"":""5-6 jam"",""cakupan"":""Konsep panggung, tata cahaya dan suara, run of show, registrasi tamu, hiburan pengisi acara, dan laporan pasca-acara."",""kapasitas"":""150-500 tamu"",""jenis_acara"":""Gala dinner korporat""}"
"e4b986ab-5be0-4062-9962-e56e60ca41d8","9be25f2d-6294-4d2d-9809-eee965addfa4","Karya Terbaik Event","event_organizer","Koordinator Hari-H","Untuk yang sudah menyiapkan sendiri semua vendornya dan hanya butuh tim yang menjalankan rundown di hari pelaksanaan.","2300000.00","21","{""tim"":""Satu koordinator dan empat kru lapangan."",""durasi"":""Hari pelaksanaan saja"",""cakupan"":""Pengambilalihan rundown dua minggu sebelum hari-H, gladi bersih, koordinasi vendor di lokasi, dan penanganan kendala."",""kapasitas"":""Sampai 500 tamu"",""jenis_acara"":""Semua jenis acara formal""}"
"6a9f5cbd-498f-4837-9d94-542a64424c9f","9be25f2d-6294-4d2d-9809-eee965addfa4","Karya Terbaik Event","event_organizer","Paket Lamaran & Engagement","Acara lamaran skala keluarga dengan dekorasi, MC, dan susunan acara adat yang disiapkan sesuai permintaan kedua keluarga.","3250000.00","30","{""tim"":""Satu koordinator dan dua kru lapangan."",""durasi"":""4-5 jam"",""cakupan"":""Dekorasi area lamaran, MC, seserahan, dokumentasi ringan, dan pengaturan alur acara adat."",""kapasitas"":""30-100 tamu"",""jenis_acara"":""Lamaran / engagement""}"
"0bfdc294-2c9b-4fda-99c9-9789686a172b","9be25f2d-6294-4d2d-9809-eee965addfa4","Karya Terbaik Event","event_organizer","Seminar & Corporate Gathering","Seminar, workshop, atau gathering karyawan, termasuk kebutuhan teknis presentasi dan pengelolaan peserta.","5850000.00","30","{""tim"":""Satu koordinator, tim registrasi, dan operator teknis."",""durasi"":""Setengah hari sampai dua hari"",""cakupan"":""Tata ruang, perlengkapan presentasi, registrasi peserta, konsumsi, dan dokumentasi acara."",""kapasitas"":""50-300 peserta"",""jenis_acara"":""Seminar / gathering""}"
"55aa7706-fa96-4c70-ac79-f25f5ea354e9","9be25f2d-6294-4d2d-9809-eee965addfa4","Karya Terbaik Event","event_organizer","Wedding Organizer Full Service","Pendampingan penuh sejak perencanaan sampai hari pelaksanaan, termasuk pencarian dan koordinasi seluruh vendor pendukung.","6500000.00","60","{""tim"":""Satu project manager, dua koordinator area, dan tim lapangan yang jumlahnya menyesuaikan besar acara."",""durasi"":""Pendampingan 6-12 bulan"",""cakupan"":""Konsep acara, penyusunan anggaran, kurasi vendor, kontrak, gladi bersih, rundown, sampai koordinasi hari-H dan pembongkaran."",""kapasitas"":""200-800 tamu"",""jenis_acara"":""Pernikahan""}"
"2975365f-84c8-4137-a67d-31269bf3bc0b","9be25f2d-6294-4d2d-9809-eee965addfa4","Karya Terbaik Event","event_organizer","Gala Dinner Korporat","Malam penghargaan atau jamuan perusahaan dengan panggung, tata cahaya, dan susunan acara yang disiapkan bersama tim internal klien.","9100000.00","45","{""tim"":""Satu event director, tim teknis, dan kru registrasi."",""durasi"":""5-6 jam"",""cakupan"":""Konsep panggung, tata cahaya dan suara, run of show, registrasi tamu, hiburan pengisi acara, dan laporan pasca-acara."",""kapasitas"":""150-500 tamu"",""jenis_acara"":""Gala dinner korporat""}"
"09d9fbe0-49d4-49e5-98cb-6ec08c7a6090","43c6f5c6-9ab0-4220-8ba9-d9410855ad50","Lestari Event Group","event_organizer","Koordinator Hari-H","Untuk yang sudah menyiapkan sendiri semua vendornya dan hanya butuh tim yang menjalankan rundown di hari pelaksanaan.","750000.00","21","{""tim"":""Satu koordinator dan empat kru lapangan."",""durasi"":""Hari pelaksanaan saja"",""cakupan"":""Pengambilalihan rundown dua minggu sebelum hari-H, gladi bersih, koordinasi vendor di lokasi, dan penanganan kendala."",""kapasitas"":""Sampai 500 tamu"",""jenis_acara"":""Semua jenis acara formal""}"
"ce22651e-e250-49b3-90d2-b0d078e81e9b","43c6f5c6-9ab0-4220-8ba9-d9410855ad50","Lestari Event Group","event_organizer","Paket Lamaran & Engagement","Acara lamaran skala keluarga dengan dekorasi, MC, dan susunan acara adat yang disiapkan sesuai permintaan kedua keluarga.","1100000.00","30","{""tim"":""Satu koordinator dan dua kru lapangan."",""durasi"":""4-5 jam"",""cakupan"":""Dekorasi area lamaran, MC, seserahan, dokumentasi ringan, dan pengaturan alur acara adat."",""kapasitas"":""30-100 tamu"",""jenis_acara"":""Lamaran / engagement""}"
"037906d0-23e3-42c2-adb2-599a8d76472a","43c6f5c6-9ab0-4220-8ba9-d9410855ad50","Lestari Event Group","event_organizer","Seminar & Corporate Gathering","Seminar, workshop, atau gathering karyawan, termasuk kebutuhan teknis presentasi dan pengelolaan peserta.","2000000.00","30","{""tim"":""Satu koordinator, tim registrasi, dan operator teknis."",""durasi"":""Setengah hari sampai dua hari"",""cakupan"":""Tata ruang, perlengkapan presentasi, registrasi peserta, konsumsi, dan dokumentasi acara."",""kapasitas"":""50-300 peserta"",""jenis_acara"":""Seminar / gathering""}"
"14d09071-bf3d-4d1e-a2fd-c6126d18c343","43c6f5c6-9ab0-4220-8ba9-d9410855ad50","Lestari Event Group","event_organizer","Wedding Organizer Full Service","Pendampingan penuh sejak perencanaan sampai hari pelaksanaan, termasuk pencarian dan koordinasi seluruh vendor pendukung.","2200000.00","60","{""tim"":""Satu project manager, dua koordinator area, dan tim lapangan yang jumlahnya menyesuaikan besar acara."",""durasi"":""Pendampingan 6-12 bulan"",""cakupan"":""Konsep acara, penyusunan anggaran, kurasi vendor, kontrak, gladi bersih, rundown, sampai koordinasi hari-H dan pembongkaran."",""kapasitas"":""200-800 tamu"",""jenis_acara"":""Pernikahan""}"
"1d5dbaef-265e-4a7c-8cee-47ddd7c0460d","43c6f5c6-9ab0-4220-8ba9-d9410855ad50","Lestari Event Group","event_organizer","Gala Dinner Korporat","Malam penghargaan atau jamuan perusahaan dengan panggung, tata cahaya, dan susunan acara yang disiapkan bersama tim internal klien.","3100000.00","45","{""tim"":""Satu event director, tim teknis, dan kru registrasi."",""durasi"":""5-6 jam"",""cakupan"":""Konsep panggung, tata cahaya dan suara, run of show, registrasi tamu, hiburan pengisi acara, dan laporan pasca-acara."",""kapasitas"":""150-500 tamu"",""jenis_acara"":""Gala dinner korporat""}"
"4205b17d-eb6c-409d-b7bf-3dc86583eb98","d51493c4-759f-4ef8-abe6-ca53c845ab51","Mahakarya Planner","event_organizer","Koordinator Hari-H","Untuk yang sudah menyiapkan sendiri semua vendornya dan hanya butuh tim yang menjalankan rundown di hari pelaksanaan.","1750000.00","21","{""tim"":""Satu koordinator dan empat kru lapangan."",""durasi"":""Hari pelaksanaan saja"",""cakupan"":""Pengambilalihan rundown dua minggu sebelum hari-H, gladi bersih, koordinasi vendor di lokasi, dan penanganan kendala."",""kapasitas"":""Sampai 500 tamu"",""jenis_acara"":""Semua jenis acara formal""}"
"5c6c76dd-d13c-4acb-99a6-8ff11beddb3d","d51493c4-759f-4ef8-abe6-ca53c845ab51","Mahakarya Planner","event_organizer","Paket Lamaran & Engagement","Acara lamaran skala keluarga dengan dekorasi, MC, dan susunan acara adat yang disiapkan sesuai permintaan kedua keluarga.","2500000.00","30","{""tim"":""Satu koordinator dan dua kru lapangan."",""durasi"":""4-5 jam"",""cakupan"":""Dekorasi area lamaran, MC, seserahan, dokumentasi ringan, dan pengaturan alur acara adat."",""kapasitas"":""30-100 tamu"",""jenis_acara"":""Lamaran / engagement""}"
"eb0e206a-35ea-4edb-ba06-3d0c3d47ef8f","d51493c4-759f-4ef8-abe6-ca53c845ab51","Mahakarya Planner","event_organizer","Seminar & Corporate Gathering","Seminar, workshop, atau gathering karyawan, termasuk kebutuhan teknis presentasi dan pengelolaan peserta.","4500000.00","30","{""tim"":""Satu koordinator, tim registrasi, dan operator teknis."",""durasi"":""Setengah hari sampai dua hari"",""cakupan"":""Tata ruang, perlengkapan presentasi, registrasi peserta, konsumsi, dan dokumentasi acara."",""kapasitas"":""50-300 peserta"",""jenis_acara"":""Seminar / gathering""}"
"9aa14fad-f1be-434e-9528-56f46d2d592f","d51493c4-759f-4ef8-abe6-ca53c845ab51","Mahakarya Planner","event_organizer","Wedding Organizer Full Service","Pendampingan penuh sejak perencanaan sampai hari pelaksanaan, termasuk pencarian dan koordinasi seluruh vendor pendukung.","5000000.00","60","{""tim"":""Satu project manager, dua koordinator area, dan tim lapangan yang jumlahnya menyesuaikan besar acara."",""durasi"":""Pendampingan 6-12 bulan"",""cakupan"":""Konsep acara, penyusunan anggaran, kurasi vendor, kontrak, gladi bersih, rundown, sampai koordinasi hari-H dan pembongkaran."",""kapasitas"":""200-800 tamu"",""jenis_acara"":""Pernikahan""}"
"ba7c8fcc-fb46-4f16-9fb9-7ee0dc071e1e","d51493c4-759f-4ef8-abe6-ca53c845ab51","Mahakarya Planner","event_organizer","Gala Dinner Korporat","Malam penghargaan atau jamuan perusahaan dengan panggung, tata cahaya, dan susunan acara yang disiapkan bersama tim internal klien.","7000000.00","45","{""tim"":""Satu event director, tim teknis, dan kru registrasi."",""durasi"":""5-6 jam"",""cakupan"":""Konsep panggung, tata cahaya dan suara, run of show, registrasi tamu, hiburan pengisi acara, dan laporan pasca-acara."",""kapasitas"":""150-500 tamu"",""jenis_acara"":""Gala dinner korporat""}"
"7ddc836c-e5cf-4818-a0e3-3bc94e52f515","9f6b18fa-c9de-470d-9058-75439e6bc638","Mulia Bersatu Planner","event_organizer","Koordinator Hari-H","Untuk yang sudah menyiapkan sendiri semua vendornya dan hanya butuh tim yang menjalankan rundown di hari pelaksanaan.","1350000.00","21","{""tim"":""Satu koordinator dan empat kru lapangan."",""durasi"":""Hari pelaksanaan saja"",""cakupan"":""Pengambilalihan rundown dua minggu sebelum hari-H, gladi bersih, koordinasi vendor di lokasi, dan penanganan kendala."",""kapasitas"":""Sampai 500 tamu"",""jenis_acara"":""Semua jenis acara formal""}"
"52051abc-dac8-4bb8-a87d-e946fef36115","9f6b18fa-c9de-470d-9058-75439e6bc638","Mulia Bersatu Planner","event_organizer","Paket Lamaran & Engagement","Acara lamaran skala keluarga dengan dekorasi, MC, dan susunan acara adat yang disiapkan sesuai permintaan kedua keluarga.","1900000.00","30","{""tim"":""Satu koordinator dan dua kru lapangan."",""durasi"":""4-5 jam"",""cakupan"":""Dekorasi area lamaran, MC, seserahan, dokumentasi ringan, dan pengaturan alur acara adat."",""kapasitas"":""30-100 tamu"",""jenis_acara"":""Lamaran / engagement""}"
"8c114def-193f-4774-8559-5b85fd3090bc","9f6b18fa-c9de-470d-9058-75439e6bc638","Mulia Bersatu Planner","event_organizer","Seminar & Corporate Gathering","Seminar, workshop, atau gathering karyawan, termasuk kebutuhan teknis presentasi dan pengelolaan peserta.","3400000.00","30","{""tim"":""Satu koordinator, tim registrasi, dan operator teknis."",""durasi"":""Setengah hari sampai dua hari"",""cakupan"":""Tata ruang, perlengkapan presentasi, registrasi peserta, konsumsi, dan dokumentasi acara."",""kapasitas"":""50-300 peserta"",""jenis_acara"":""Seminar / gathering""}"
"4337fef0-7949-493d-955c-0cca25a5f709","9f6b18fa-c9de-470d-9058-75439e6bc638","Mulia Bersatu Planner","event_organizer","Wedding Organizer Full Service","Pendampingan penuh sejak perencanaan sampai hari pelaksanaan, termasuk pencarian dan koordinasi seluruh vendor pendukung.","3800000.00","60","{""tim"":""Satu project manager, dua koordinator area, dan tim lapangan yang jumlahnya menyesuaikan besar acara."",""durasi"":""Pendampingan 6-12 bulan"",""cakupan"":""Konsep acara, penyusunan anggaran, kurasi vendor, kontrak, gladi bersih, rundown, sampai koordinasi hari-H dan pembongkaran."",""kapasitas"":""200-800 tamu"",""jenis_acara"":""Pernikahan""}"
"f8dc8868-3aa6-4e50-8f0c-06ca1b8cfce2","9f6b18fa-c9de-470d-9058-75439e6bc638","Mulia Bersatu Planner","event_organizer","Gala Dinner Korporat","Malam penghargaan atau jamuan perusahaan dengan panggung, tata cahaya, dan susunan acara yang disiapkan bersama tim internal klien.","5300000.00","45","{""tim"":""Satu event director, tim teknis, dan kru registrasi."",""durasi"":""5-6 jam"",""cakupan"":""Konsep panggung, tata cahaya dan suara, run of show, registrasi tamu, hiburan pengisi acara, dan laporan pasca-acara."",""kapasitas"":""150-500 tamu"",""jenis_acara"":""Gala dinner korporat""}"
"4f3782d8-a6a3-49a7-b403-1b6b1701a1a0","6d76e379-9f0f-4455-9341-ba176605268e","Nusantara Grand EO","event_organizer","Koordinator Hari-H","Untuk yang sudah menyiapkan sendiri semua vendornya dan hanya butuh tim yang menjalankan rundown di hari pelaksanaan.","2650000.00","21","{""tim"":""Satu koordinator dan empat kru lapangan."",""durasi"":""Hari pelaksanaan saja"",""cakupan"":""Pengambilalihan rundown dua minggu sebelum hari-H, gladi bersih, koordinasi vendor di lokasi, dan penanganan kendala."",""kapasitas"":""Sampai 500 tamu"",""jenis_acara"":""Semua jenis acara formal""}"
"c35da79c-12f5-4b60-9b7f-3b4b73b274fe","6d76e379-9f0f-4455-9341-ba176605268e","Nusantara Grand EO","event_organizer","Paket Lamaran & Engagement","Acara lamaran skala keluarga dengan dekorasi, MC, dan susunan acara adat yang disiapkan sesuai permintaan kedua keluarga.","3750000.00","30","{""tim"":""Satu koordinator dan dua kru lapangan."",""durasi"":""4-5 jam"",""cakupan"":""Dekorasi area lamaran, MC, seserahan, dokumentasi ringan, dan pengaturan alur acara adat."",""kapasitas"":""30-100 tamu"",""jenis_acara"":""Lamaran / engagement""}"
"81c373fc-6333-4a05-8d6e-18bafc754478","6d76e379-9f0f-4455-9341-ba176605268e","Nusantara Grand EO","event_organizer","Seminar & Corporate Gathering","Seminar, workshop, atau gathering karyawan, termasuk kebutuhan teknis presentasi dan pengelolaan peserta.","6750000.00","30","{""tim"":""Satu koordinator, tim registrasi, dan operator teknis."",""durasi"":""Setengah hari sampai dua hari"",""cakupan"":""Tata ruang, perlengkapan presentasi, registrasi peserta, konsumsi, dan dokumentasi acara."",""kapasitas"":""50-300 peserta"",""jenis_acara"":""Seminar / gathering""}"
"0f3b868d-2d02-4468-9639-539ad3e4d5c7","6d76e379-9f0f-4455-9341-ba176605268e","Nusantara Grand EO","event_organizer","Wedding Organizer Full Service","Pendampingan penuh sejak perencanaan sampai hari pelaksanaan, termasuk pencarian dan koordinasi seluruh vendor pendukung.","7500000.00","60","{""tim"":""Satu project manager, dua koordinator area, dan tim lapangan yang jumlahnya menyesuaikan besar acara."",""durasi"":""Pendampingan 6-12 bulan"",""cakupan"":""Konsep acara, penyusunan anggaran, kurasi vendor, kontrak, gladi bersih, rundown, sampai koordinasi hari-H dan pembongkaran."",""kapasitas"":""200-800 tamu"",""jenis_acara"":""Pernikahan""}"
"6cf7800d-309b-4826-aae3-bb267936092c","6d76e379-9f0f-4455-9341-ba176605268e","Nusantara Grand EO","event_organizer","Gala Dinner Korporat","Malam penghargaan atau jamuan perusahaan dengan panggung, tata cahaya, dan susunan acara yang disiapkan bersama tim internal klien.","10500000.00","45","{""tim"":""Satu event director, tim teknis, dan kru registrasi."",""durasi"":""5-6 jam"",""cakupan"":""Konsep panggung, tata cahaya dan suara, run of show, registrasi tamu, hiburan pengisi acara, dan laporan pasca-acara."",""kapasitas"":""150-500 tamu"",""jenis_acara"":""Gala dinner korporat""}"
"b6e0e85e-610e-47e7-94f6-1abcb423fa13","f72396e3-1b5a-4be6-b616-41cfd1e55f61","Optima Event Solution","event_organizer","Koordinator Hari-H","Untuk yang sudah menyiapkan sendiri semua vendornya dan hanya butuh tim yang menjalankan rundown di hari pelaksanaan.","1400000.00","21","{""tim"":""Satu koordinator dan empat kru lapangan."",""durasi"":""Hari pelaksanaan saja"",""cakupan"":""Pengambilalihan rundown dua minggu sebelum hari-H, gladi bersih, koordinasi vendor di lokasi, dan penanganan kendala."",""kapasitas"":""Sampai 500 tamu"",""jenis_acara"":""Semua jenis acara formal""}"
"807ba8c2-5e48-4867-8484-e639e01626c4","f72396e3-1b5a-4be6-b616-41cfd1e55f61","Optima Event Solution","event_organizer","Paket Lamaran & Engagement","Acara lamaran skala keluarga dengan dekorasi, MC, dan susunan acara adat yang disiapkan sesuai permintaan kedua keluarga.","2000000.00","30","{""tim"":""Satu koordinator dan dua kru lapangan."",""durasi"":""4-5 jam"",""cakupan"":""Dekorasi area lamaran, MC, seserahan, dokumentasi ringan, dan pengaturan alur acara adat."",""kapasitas"":""30-100 tamu"",""jenis_acara"":""Lamaran / engagement""}"
"5e9a2af1-99f9-4f1e-aad7-2116a299d3a6","f72396e3-1b5a-4be6-b616-41cfd1e55f61","Optima Event Solution","event_organizer","Seminar & Corporate Gathering","Seminar, workshop, atau gathering karyawan, termasuk kebutuhan teknis presentasi dan pengelolaan peserta.","3600000.00","30","{""tim"":""Satu koordinator, tim registrasi, dan operator teknis."",""durasi"":""Setengah hari sampai dua hari"",""cakupan"":""Tata ruang, perlengkapan presentasi, registrasi peserta, konsumsi, dan dokumentasi acara."",""kapasitas"":""50-300 peserta"",""jenis_acara"":""Seminar / gathering""}"
"93fb6cb7-656e-492a-94fe-1495f4c6e16d","f72396e3-1b5a-4be6-b616-41cfd1e55f61","Optima Event Solution","event_organizer","Wedding Organizer Full Service","Pendampingan penuh sejak perencanaan sampai hari pelaksanaan, termasuk pencarian dan koordinasi seluruh vendor pendukung.","4000000.00","60","{""tim"":""Satu project manager, dua koordinator area, dan tim lapangan yang jumlahnya menyesuaikan besar acara."",""durasi"":""Pendampingan 6-12 bulan"",""cakupan"":""Konsep acara, penyusunan anggaran, kurasi vendor, kontrak, gladi bersih, rundown, sampai koordinasi hari-H dan pembongkaran."",""kapasitas"":""200-800 tamu"",""jenis_acara"":""Pernikahan""}"
"062d0b72-0df0-41d0-be33-9da64adc4513","f72396e3-1b5a-4be6-b616-41cfd1e55f61","Optima Event Solution","event_organizer","Gala Dinner Korporat","Malam penghargaan atau jamuan perusahaan dengan panggung, tata cahaya, dan susunan acara yang disiapkan bersama tim internal klien.","5600000.00","45","{""tim"":""Satu event director, tim teknis, dan kru registrasi."",""durasi"":""5-6 jam"",""cakupan"":""Konsep panggung, tata cahaya dan suara, run of show, registrasi tamu, hiburan pengisi acara, dan laporan pasca-acara."",""kapasitas"":""150-500 tamu"",""jenis_acara"":""Gala dinner korporat""}"
"f34cd9a3-924f-4466-a1fc-f5859c1cbd55","48a0fe1f-7b21-456c-8a64-bb8ab43b7bfb","Anggrek Cantik Florist","florist","Buket Hadiah Wisuda","Buket ukuran sedang untuk hadiah wisuda atau ulang tahun, bisa dikirim langsung ke penerima dengan kartu ucapan.","200000.00","1","{""warna"":""Cerah atau pastel"",""ukuran"":""Diameter 20-25 cm"",""fasilitas"":""Kartu ucapan tulis tangan dan pengiriman ke alamat penerima di area Jabodetabek."",""bisa_custom"":""Ya, bisa dicampur buket snack"",""jenis_bunga"":""Mawar, matahari, baby breath"",""jenis_produk"":""Buket hadiah"",""estimasi_pengerjaan"":""Bisa hari yang sama""}"
"24b14d31-9e84-4e6c-802c-bfa6159f7ccd","48a0fe1f-7b21-456c-8a64-bb8ab43b7bfb","Anggrek Cantik Florist","florist","Hand Bouquet Bridesmaid","Buket kecil seragam untuk bridesmaid, dirangkai senada dengan buket pengantin tapi dengan ukuran yang lebih ringkas.","200000.00","5","{""warna"":""Senada dengan gaun bridesmaid"",""ukuran"":""Diameter 15-20 cm"",""fasilitas"":""Pengiriman bersamaan dengan buket pengantin."",""bisa_custom"":""Ya, jumlah menyesuaikan"",""jenis_bunga"":""Mawar mini, baby breath, daun hias"",""jenis_produk"":""Buket bridesmaid"",""estimasi_pengerjaan"":""1-2 hari sebelum acara""}"
"cf68f968-6061-46ee-998c-c571b6cbfce4","48a0fe1f-7b21-456c-8a64-bb8ab43b7bfb","Anggrek Cantik Florist","florist","Standing Flower Ucapan","Papan bunga ucapan selamat untuk pernikahan, pembukaan usaha, atau belasungkawa, lengkap dengan kartu ucapan.","550000.00","2","{""warna"":""Menyesuaikan jenis acara"",""ukuran"":""Tinggi 150-200 cm"",""fasilitas"":""Pengantaran dan pemasangan di lokasi, serta pengambilan kembali rangka setelah acara."",""bisa_custom"":""Ya, teks ucapan bebas"",""jenis_bunga"":""Krisan, anggrek, mawar"",""jenis_produk"":""Standing flower / papan bunga"",""estimasi_pengerjaan"":""1 hari""}"
"4c2daade-acfa-418c-a88c-d57aa0dd4784","48a0fe1f-7b21-456c-8a64-bb8ab43b7bfb","Anggrek Cantik Florist","florist","Buket Pengantin","Buket tangan pengantin yang dirangkai sesuai warna gaun dan tema acara, dikerjakan sehari sebelum acara agar bunganya segar.","700000.00","7","{""warna"":""Putih, nude, pastel, sesuai permintaan"",""ukuran"":""Diameter 25-35 cm"",""fasilitas"":""Konsultasi konsep, foto contoh rangkaian sebelum dikerjakan, dan pengiriman ke lokasi acara."",""bisa_custom"":""Ya, termasuk pilihan pita dan gagang"",""jenis_bunga"":""Mawar, peony, baby breath, eucalyptus"",""jenis_produk"":""Buket tangan pengantin"",""estimasi_pengerjaan"":""1-2 hari sebelum acara""}"
"f5021d7a-9d32-4fc3-92ef-22fbd3a712dc","48a0fe1f-7b21-456c-8a64-bb8ab43b7bfb","Anggrek Cantik Florist","florist","Dekorasi Meja Pelaminan","Rangkaian bunga untuk area pelaminan dan meja tamu, dipasang dan dibongkar oleh tim kami di hari acara.","1550000.00","21","{""warna"":""Mengikuti tema dekorasi"",""ukuran"":""Area pelaminan sampai 8 meter"",""fasilitas"":""Survei lokasi, gambar rancangan, pemasangan, penjagaan selama acara, dan pembongkaran."",""bisa_custom"":""Ya, dengan survei lokasi lebih dulu"",""jenis_bunga"":""Bunga segar impor dan lokal, dikombinasi"",""jenis_produk"":""Dekorasi bunga acara"",""estimasi_pengerjaan"":""Pemasangan H-1 atau pagi hari-H""}"
"bf404d40-7fe5-4c1b-b6b5-910fca28dcbe","b953fd35-0978-4e7f-876f-5bfdb4013e30","Bloom & Co.","florist","Buket Hadiah Wisuda","Buket ukuran sedang untuk hadiah wisuda atau ulang tahun, bisa dikirim langsung ke penerima dengan kartu ucapan.","250000.00","1","{""warna"":""Cerah atau pastel"",""ukuran"":""Diameter 20-25 cm"",""fasilitas"":""Kartu ucapan tulis tangan dan pengiriman ke alamat penerima di area Jabodetabek."",""bisa_custom"":""Ya, bisa dicampur buket snack"",""jenis_bunga"":""Mawar, matahari, baby breath"",""jenis_produk"":""Buket hadiah"",""estimasi_pengerjaan"":""Bisa hari yang sama""}"
"b1be7b22-3237-4d8e-a262-7f7eb77f83e8","b953fd35-0978-4e7f-876f-5bfdb4013e30","Bloom & Co.","florist","Hand Bouquet Bridesmaid","Buket kecil seragam untuk bridesmaid, dirangkai senada dengan buket pengantin tapi dengan ukuran yang lebih ringkas.","300000.00","5","{""warna"":""Senada dengan gaun bridesmaid"",""ukuran"":""Diameter 15-20 cm"",""fasilitas"":""Pengiriman bersamaan dengan buket pengantin."",""bisa_custom"":""Ya, jumlah menyesuaikan"",""jenis_bunga"":""Mawar mini, baby breath, daun hias"",""jenis_produk"":""Buket bridesmaid"",""estimasi_pengerjaan"":""1-2 hari sebelum acara""}"
"e66dde44-5ede-47bf-8e9a-81247239d7ff","b953fd35-0978-4e7f-876f-5bfdb4013e30","Bloom & Co.","florist","Standing Flower Ucapan","Papan bunga ucapan selamat untuk pernikahan, pembukaan usaha, atau belasungkawa, lengkap dengan kartu ucapan.","800000.00","2","{""warna"":""Menyesuaikan jenis acara"",""ukuran"":""Tinggi 150-200 cm"",""fasilitas"":""Pengantaran dan pemasangan di lokasi, serta pengambilan kembali rangka setelah acara."",""bisa_custom"":""Ya, teks ucapan bebas"",""jenis_bunga"":""Krisan, anggrek, mawar"",""jenis_produk"":""Standing flower / papan bunga"",""estimasi_pengerjaan"":""1 hari""}"
"02dfedce-8f91-4115-9022-2d4b07406b48","b953fd35-0978-4e7f-876f-5bfdb4013e30","Bloom & Co.","florist","Buket Pengantin","Buket tangan pengantin yang dirangkai sesuai warna gaun dan tema acara, dikerjakan sehari sebelum acara agar bunganya segar.","1000000.00","7","{""warna"":""Putih, nude, pastel, sesuai permintaan"",""ukuran"":""Diameter 25-35 cm"",""fasilitas"":""Konsultasi konsep, foto contoh rangkaian sebelum dikerjakan, dan pengiriman ke lokasi acara."",""bisa_custom"":""Ya, termasuk pilihan pita dan gagang"",""jenis_bunga"":""Mawar, peony, baby breath, eucalyptus"",""jenis_produk"":""Buket tangan pengantin"",""estimasi_pengerjaan"":""1-2 hari sebelum acara""}"
"b8de83de-59f7-4871-9402-bcec49a65f63","b953fd35-0978-4e7f-876f-5bfdb4013e30","Bloom & Co.","florist","Dekorasi Meja Pelaminan","Rangkaian bunga untuk area pelaminan dan meja tamu, dipasang dan dibongkar oleh tim kami di hari acara.","2200000.00","21","{""warna"":""Mengikuti tema dekorasi"",""ukuran"":""Area pelaminan sampai 8 meter"",""fasilitas"":""Survei lokasi, gambar rancangan, pemasangan, penjagaan selama acara, dan pembongkaran."",""bisa_custom"":""Ya, dengan survei lokasi lebih dulu"",""jenis_bunga"":""Bunga segar impor dan lokal, dikombinasi"",""jenis_produk"":""Dekorasi bunga acara"",""estimasi_pengerjaan"":""Pemasangan H-1 atau pagi hari-H""}"
"ce8fec62-f48d-4330-a69e-45e867108eb1","90148fd2-1a41-4f31-a057-e2066fa5ccbe","Blossom Event Florist","florist","Buket Hadiah Wisuda","Buket ukuran sedang untuk hadiah wisuda atau ulang tahun, bisa dikirim langsung ke penerima dengan kartu ucapan.","500000.00","1","{""warna"":""Cerah atau pastel"",""ukuran"":""Diameter 20-25 cm"",""fasilitas"":""Kartu ucapan tulis tangan dan pengiriman ke alamat penerima di area Jabodetabek."",""bisa_custom"":""Ya, bisa dicampur buket snack"",""jenis_bunga"":""Mawar, matahari, baby breath"",""jenis_produk"":""Buket hadiah"",""estimasi_pengerjaan"":""Bisa hari yang sama""}"
"6eb99ba9-be01-464f-a629-22d85a1a1caa","90148fd2-1a41-4f31-a057-e2066fa5ccbe","Blossom Event Florist","florist","Hand Bouquet Bridesmaid","Buket kecil seragam untuk bridesmaid, dirangkai senada dengan buket pengantin tapi dengan ukuran yang lebih ringkas.","600000.00","5","{""warna"":""Senada dengan gaun bridesmaid"",""ukuran"":""Diameter 15-20 cm"",""fasilitas"":""Pengiriman bersamaan dengan buket pengantin."",""bisa_custom"":""Ya, jumlah menyesuaikan"",""jenis_bunga"":""Mawar mini, baby breath, daun hias"",""jenis_produk"":""Buket bridesmaid"",""estimasi_pengerjaan"":""1-2 hari sebelum acara""}"
"5d7c3ddf-cf7a-480a-8111-a11a54ac4446","90148fd2-1a41-4f31-a057-e2066fa5ccbe","Blossom Event Florist","florist","Standing Flower Ucapan","Papan bunga ucapan selamat untuk pernikahan, pembukaan usaha, atau belasungkawa, lengkap dengan kartu ucapan.","1600000.00","2","{""warna"":""Menyesuaikan jenis acara"",""ukuran"":""Tinggi 150-200 cm"",""fasilitas"":""Pengantaran dan pemasangan di lokasi, serta pengambilan kembali rangka setelah acara."",""bisa_custom"":""Ya, teks ucapan bebas"",""jenis_bunga"":""Krisan, anggrek, mawar"",""jenis_produk"":""Standing flower / papan bunga"",""estimasi_pengerjaan"":""1 hari""}"
"353a3b46-2102-4a66-969d-35bc0f089549","90148fd2-1a41-4f31-a057-e2066fa5ccbe","Blossom Event Florist","florist","Buket Pengantin","Buket tangan pengantin yang dirangkai sesuai warna gaun dan tema acara, dikerjakan sehari sebelum acara agar bunganya segar.","2000000.00","7","{""warna"":""Putih, nude, pastel, sesuai permintaan"",""ukuran"":""Diameter 25-35 cm"",""fasilitas"":""Konsultasi konsep, foto contoh rangkaian sebelum dikerjakan, dan pengiriman ke lokasi acara."",""bisa_custom"":""Ya, termasuk pilihan pita dan gagang"",""jenis_bunga"":""Mawar, peony, baby breath, eucalyptus"",""jenis_produk"":""Buket tangan pengantin"",""estimasi_pengerjaan"":""1-2 hari sebelum acara""}"
"c37bb7fc-66eb-4d28-bc9e-4e8e412e1fdd","90148fd2-1a41-4f31-a057-e2066fa5ccbe","Blossom Event Florist","florist","Dekorasi Meja Pelaminan","Rangkaian bunga untuk area pelaminan dan meja tamu, dipasang dan dibongkar oleh tim kami di hari acara.","4400000.00","21","{""warna"":""Mengikuti tema dekorasi"",""ukuran"":""Area pelaminan sampai 8 meter"",""fasilitas"":""Survei lokasi, gambar rancangan, pemasangan, penjagaan selama acara, dan pembongkaran."",""bisa_custom"":""Ya, dengan survei lokasi lebih dulu"",""jenis_bunga"":""Bunga segar impor dan lokal, dikombinasi"",""jenis_produk"":""Dekorasi bunga acara"",""estimasi_pengerjaan"":""Pemasangan H-1 atau pagi hari-H""}"
"fa5a3099-1e27-44b1-90f5-f91b92942cf2","c1219c57-20f3-4f57-92cd-8184ab081925","Cempaka Wangi Florist","florist","Hand Bouquet Bridesmaid","Buket kecil seragam untuk bridesmaid, dirangkai senada dengan buket pengantin tapi dengan ukuran yang lebih ringkas.","250000.00","5","{""warna"":""Senada dengan gaun bridesmaid"",""ukuran"":""Diameter 15-20 cm"",""fasilitas"":""Pengiriman bersamaan dengan buket pengantin."",""bisa_custom"":""Ya, jumlah menyesuaikan"",""jenis_bunga"":""Mawar mini, baby breath, daun hias"",""jenis_produk"":""Buket bridesmaid"",""estimasi_pengerjaan"":""1-2 hari sebelum acara""}"
"7c895933-2015-4188-b958-406fa801d47a","c1219c57-20f3-4f57-92cd-8184ab081925","Cempaka Wangi Florist","florist","Buket Hadiah Wisuda","Buket ukuran sedang untuk hadiah wisuda atau ulang tahun, bisa dikirim langsung ke penerima dengan kartu ucapan.","250000.00","1","{""warna"":""Cerah atau pastel"",""ukuran"":""Diameter 20-25 cm"",""fasilitas"":""Kartu ucapan tulis tangan dan pengiriman ke alamat penerima di area Jabodetabek."",""bisa_custom"":""Ya, bisa dicampur buket snack"",""jenis_bunga"":""Mawar, matahari, baby breath"",""jenis_produk"":""Buket hadiah"",""estimasi_pengerjaan"":""Bisa hari yang sama""}"
"d10a2aa8-a678-4f41-b0f1-8a1fab0c60c1","c1219c57-20f3-4f57-92cd-8184ab081925","Cempaka Wangi Florist","florist","Standing Flower Ucapan","Papan bunga ucapan selamat untuk pernikahan, pembukaan usaha, atau belasungkawa, lengkap dengan kartu ucapan.","700000.00","2","{""warna"":""Menyesuaikan jenis acara"",""ukuran"":""Tinggi 150-200 cm"",""fasilitas"":""Pengantaran dan pemasangan di lokasi, serta pengambilan kembali rangka setelah acara."",""bisa_custom"":""Ya, teks ucapan bebas"",""jenis_bunga"":""Krisan, anggrek, mawar"",""jenis_produk"":""Standing flower / papan bunga"",""estimasi_pengerjaan"":""1 hari""}"
"3852aad3-2f28-484d-a7e7-2e3b79bd7d89","c1219c57-20f3-4f57-92cd-8184ab081925","Cempaka Wangi Florist","florist","Buket Pengantin","Buket tangan pengantin yang dirangkai sesuai warna gaun dan tema acara, dikerjakan sehari sebelum acara agar bunganya segar.","900000.00","7","{""warna"":""Putih, nude, pastel, sesuai permintaan"",""ukuran"":""Diameter 25-35 cm"",""fasilitas"":""Konsultasi konsep, foto contoh rangkaian sebelum dikerjakan, dan pengiriman ke lokasi acara."",""bisa_custom"":""Ya, termasuk pilihan pita dan gagang"",""jenis_bunga"":""Mawar, peony, baby breath, eucalyptus"",""jenis_produk"":""Buket tangan pengantin"",""estimasi_pengerjaan"":""1-2 hari sebelum acara""}"
"965d93fe-cd18-40d4-9a66-993946e90978","c1219c57-20f3-4f57-92cd-8184ab081925","Cempaka Wangi Florist","florist","Dekorasi Meja Pelaminan","Rangkaian bunga untuk area pelaminan dan meja tamu, dipasang dan dibongkar oleh tim kami di hari acara.","2000000.00","21","{""warna"":""Mengikuti tema dekorasi"",""ukuran"":""Area pelaminan sampai 8 meter"",""fasilitas"":""Survei lokasi, gambar rancangan, pemasangan, penjagaan selama acara, dan pembongkaran."",""bisa_custom"":""Ya, dengan survei lokasi lebih dulu"",""jenis_bunga"":""Bunga segar impor dan lokal, dikombinasi"",""jenis_produk"":""Dekorasi bunga acara"",""estimasi_pengerjaan"":""Pemasangan H-1 atau pagi hari-H""}"
"3ca3aa2c-a965-49f0-84b8-ffc2b6f3e290","c75b1144-ffae-4e43-a335-f588b8368479","Dahlia Prima Florist","florist","Buket Hadiah Wisuda","Buket ukuran sedang untuk hadiah wisuda atau ulang tahun, bisa dikirim langsung ke penerima dengan kartu ucapan.","300000.00","1","{""warna"":""Cerah atau pastel"",""ukuran"":""Diameter 20-25 cm"",""fasilitas"":""Kartu ucapan tulis tangan dan pengiriman ke alamat penerima di area Jabodetabek."",""bisa_custom"":""Ya, bisa dicampur buket snack"",""jenis_bunga"":""Mawar, matahari, baby breath"",""jenis_produk"":""Buket hadiah"",""estimasi_pengerjaan"":""Bisa hari yang sama""}"
"02098075-a6b1-4acd-a6b5-e5f6f6e98517","c75b1144-ffae-4e43-a335-f588b8368479","Dahlia Prima Florist","florist","Hand Bouquet Bridesmaid","Buket kecil seragam untuk bridesmaid, dirangkai senada dengan buket pengantin tapi dengan ukuran yang lebih ringkas.","350000.00","5","{""warna"":""Senada dengan gaun bridesmaid"",""ukuran"":""Diameter 15-20 cm"",""fasilitas"":""Pengiriman bersamaan dengan buket pengantin."",""bisa_custom"":""Ya, jumlah menyesuaikan"",""jenis_bunga"":""Mawar mini, baby breath, daun hias"",""jenis_produk"":""Buket bridesmaid"",""estimasi_pengerjaan"":""1-2 hari sebelum acara""}"
"05aeab79-7e77-4eaa-b928-18dccb6c59f4","c75b1144-ffae-4e43-a335-f588b8368479","Dahlia Prima Florist","florist","Standing Flower Ucapan","Papan bunga ucapan selamat untuk pernikahan, pembukaan usaha, atau belasungkawa, lengkap dengan kartu ucapan.","900000.00","2","{""warna"":""Menyesuaikan jenis acara"",""ukuran"":""Tinggi 150-200 cm"",""fasilitas"":""Pengantaran dan pemasangan di lokasi, serta pengambilan kembali rangka setelah acara."",""bisa_custom"":""Ya, teks ucapan bebas"",""jenis_bunga"":""Krisan, anggrek, mawar"",""jenis_produk"":""Standing flower / papan bunga"",""estimasi_pengerjaan"":""1 hari""}"
"ee216d77-fe75-45b5-b74e-256b0b7e6d5f","c75b1144-ffae-4e43-a335-f588b8368479","Dahlia Prima Florist","florist","Buket Pengantin","Buket tangan pengantin yang dirangkai sesuai warna gaun dan tema acara, dikerjakan sehari sebelum acara agar bunganya segar.","1100000.00","7","{""warna"":""Putih, nude, pastel, sesuai permintaan"",""ukuran"":""Diameter 25-35 cm"",""fasilitas"":""Konsultasi konsep, foto contoh rangkaian sebelum dikerjakan, dan pengiriman ke lokasi acara."",""bisa_custom"":""Ya, termasuk pilihan pita dan gagang"",""jenis_bunga"":""Mawar, peony, baby breath, eucalyptus"",""jenis_produk"":""Buket tangan pengantin"",""estimasi_pengerjaan"":""1-2 hari sebelum acara""}"
"bd379a29-dcaf-4586-b24e-b32d057ee581","c75b1144-ffae-4e43-a335-f588b8368479","Dahlia Prima Florist","florist","Dekorasi Meja Pelaminan","Rangkaian bunga untuk area pelaminan dan meja tamu, dipasang dan dibongkar oleh tim kami di hari acara.","2400000.00","21","{""warna"":""Mengikuti tema dekorasi"",""ukuran"":""Area pelaminan sampai 8 meter"",""fasilitas"":""Survei lokasi, gambar rancangan, pemasangan, penjagaan selama acara, dan pembongkaran."",""bisa_custom"":""Ya, dengan survei lokasi lebih dulu"",""jenis_bunga"":""Bunga segar impor dan lokal, dikombinasi"",""jenis_produk"":""Dekorasi bunga acara"",""estimasi_pengerjaan"":""Pemasangan H-1 atau pagi hari-H""}"
"26a63ba1-e32c-41e3-9af6-9a0097b08a2d","82972ddf-66ad-4514-bf08-cf5dab6d9ea8","Eterna Floral Design","florist","Buket Hadiah Wisuda","Buket ukuran sedang untuk hadiah wisuda atau ulang tahun, bisa dikirim langsung ke penerima dengan kartu ucapan.","450000.00","1","{""warna"":""Cerah atau pastel"",""ukuran"":""Diameter 20-25 cm"",""fasilitas"":""Kartu ucapan tulis tangan dan pengiriman ke alamat penerima di area Jabodetabek."",""bisa_custom"":""Ya, bisa dicampur buket snack"",""jenis_bunga"":""Mawar, matahari, baby breath"",""jenis_produk"":""Buket hadiah"",""estimasi_pengerjaan"":""Bisa hari yang sama""}"
"3528ca4c-b262-4fe8-baa0-55b851718b87","82972ddf-66ad-4514-bf08-cf5dab6d9ea8","Eterna Floral Design","florist","Hand Bouquet Bridesmaid","Buket kecil seragam untuk bridesmaid, dirangkai senada dengan buket pengantin tapi dengan ukuran yang lebih ringkas.","550000.00","5","{""warna"":""Senada dengan gaun bridesmaid"",""ukuran"":""Diameter 15-20 cm"",""fasilitas"":""Pengiriman bersamaan dengan buket pengantin."",""bisa_custom"":""Ya, jumlah menyesuaikan"",""jenis_bunga"":""Mawar mini, baby breath, daun hias"",""jenis_produk"":""Buket bridesmaid"",""estimasi_pengerjaan"":""1-2 hari sebelum acara""}"
"938c1b2a-3ee2-41f4-959b-ac91a60e80fc","82972ddf-66ad-4514-bf08-cf5dab6d9ea8","Eterna Floral Design","florist","Standing Flower Ucapan","Papan bunga ucapan selamat untuk pernikahan, pembukaan usaha, atau belasungkawa, lengkap dengan kartu ucapan.","1450000.00","2","{""warna"":""Menyesuaikan jenis acara"",""ukuran"":""Tinggi 150-200 cm"",""fasilitas"":""Pengantaran dan pemasangan di lokasi, serta pengambilan kembali rangka setelah acara."",""bisa_custom"":""Ya, teks ucapan bebas"",""jenis_bunga"":""Krisan, anggrek, mawar"",""jenis_produk"":""Standing flower / papan bunga"",""estimasi_pengerjaan"":""1 hari""}"
"106bd74d-6762-4e59-9f8b-9d320f0f7048","82972ddf-66ad-4514-bf08-cf5dab6d9ea8","Eterna Floral Design","florist","Buket Pengantin","Buket tangan pengantin yang dirangkai sesuai warna gaun dan tema acara, dikerjakan sehari sebelum acara agar bunganya segar.","1800000.00","7","{""warna"":""Putih, nude, pastel, sesuai permintaan"",""ukuran"":""Diameter 25-35 cm"",""fasilitas"":""Konsultasi konsep, foto contoh rangkaian sebelum dikerjakan, dan pengiriman ke lokasi acara."",""bisa_custom"":""Ya, termasuk pilihan pita dan gagang"",""jenis_bunga"":""Mawar, peony, baby breath, eucalyptus"",""jenis_produk"":""Buket tangan pengantin"",""estimasi_pengerjaan"":""1-2 hari sebelum acara""}"
"e82b0322-4763-40c2-9d68-dbcb983c01b0","82972ddf-66ad-4514-bf08-cf5dab6d9ea8","Eterna Floral Design","florist","Dekorasi Meja Pelaminan","Rangkaian bunga untuk area pelaminan dan meja tamu, dipasang dan dibongkar oleh tim kami di hari acara.","3950000.00","21","{""warna"":""Mengikuti tema dekorasi"",""ukuran"":""Area pelaminan sampai 8 meter"",""fasilitas"":""Survei lokasi, gambar rancangan, pemasangan, penjagaan selama acara, dan pembongkaran."",""bisa_custom"":""Ya, dengan survei lokasi lebih dulu"",""jenis_bunga"":""Bunga segar impor dan lokal, dikombinasi"",""jenis_produk"":""Dekorasi bunga acara"",""estimasi_pengerjaan"":""Pemasangan H-1 atau pagi hari-H""}"
"aa15605a-6ad5-4ebe-b96f-6d8ea297c14e","78e45e96-d8e8-40d1-b26a-3d53f08cd22a","Frangipani Studio","florist","Buket Hadiah Wisuda","Buket ukuran sedang untuk hadiah wisuda atau ulang tahun, bisa dikirim langsung ke penerima dengan kartu ucapan.","250000.00","1","{""warna"":""Cerah atau pastel"",""ukuran"":""Diameter 20-25 cm"",""fasilitas"":""Kartu ucapan tulis tangan dan pengiriman ke alamat penerima di area Jabodetabek."",""bisa_custom"":""Ya, bisa dicampur buket snack"",""jenis_bunga"":""Mawar, matahari, baby breath"",""jenis_produk"":""Buket hadiah"",""estimasi_pengerjaan"":""Bisa hari yang sama""}"
"b53cf2a6-50e9-423c-b361-cfbb284ccfa7","78e45e96-d8e8-40d1-b26a-3d53f08cd22a","Frangipani Studio","florist","Hand Bouquet Bridesmaid","Buket kecil seragam untuk bridesmaid, dirangkai senada dengan buket pengantin tapi dengan ukuran yang lebih ringkas.","300000.00","5","{""warna"":""Senada dengan gaun bridesmaid"",""ukuran"":""Diameter 15-20 cm"",""fasilitas"":""Pengiriman bersamaan dengan buket pengantin."",""bisa_custom"":""Ya, jumlah menyesuaikan"",""jenis_bunga"":""Mawar mini, baby breath, daun hias"",""jenis_produk"":""Buket bridesmaid"",""estimasi_pengerjaan"":""1-2 hari sebelum acara""}"
"96047d57-3a28-4b13-b106-57d41c976e58","78e45e96-d8e8-40d1-b26a-3d53f08cd22a","Frangipani Studio","florist","Standing Flower Ucapan","Papan bunga ucapan selamat untuk pernikahan, pembukaan usaha, atau belasungkawa, lengkap dengan kartu ucapan.","800000.00","2","{""warna"":""Menyesuaikan jenis acara"",""ukuran"":""Tinggi 150-200 cm"",""fasilitas"":""Pengantaran dan pemasangan di lokasi, serta pengambilan kembali rangka setelah acara."",""bisa_custom"":""Ya, teks ucapan bebas"",""jenis_bunga"":""Krisan, anggrek, mawar"",""jenis_produk"":""Standing flower / papan bunga"",""estimasi_pengerjaan"":""1 hari""}"
"c3f97b95-7b5c-4cca-9db0-3d493af29796","78e45e96-d8e8-40d1-b26a-3d53f08cd22a","Frangipani Studio","florist","Buket Pengantin","Buket tangan pengantin yang dirangkai sesuai warna gaun dan tema acara, dikerjakan sehari sebelum acara agar bunganya segar.","1000000.00","7","{""warna"":""Putih, nude, pastel, sesuai permintaan"",""ukuran"":""Diameter 25-35 cm"",""fasilitas"":""Konsultasi konsep, foto contoh rangkaian sebelum dikerjakan, dan pengiriman ke lokasi acara."",""bisa_custom"":""Ya, termasuk pilihan pita dan gagang"",""jenis_bunga"":""Mawar, peony, baby breath, eucalyptus"",""jenis_produk"":""Buket tangan pengantin"",""estimasi_pengerjaan"":""1-2 hari sebelum acara""}"
"066b0303-c929-4900-b0a8-00e3a52cdd29","78e45e96-d8e8-40d1-b26a-3d53f08cd22a","Frangipani Studio","florist","Dekorasi Meja Pelaminan","Rangkaian bunga untuk area pelaminan dan meja tamu, dipasang dan dibongkar oleh tim kami di hari acara.","2200000.00","21","{""warna"":""Mengikuti tema dekorasi"",""ukuran"":""Area pelaminan sampai 8 meter"",""fasilitas"":""Survei lokasi, gambar rancangan, pemasangan, penjagaan selama acara, dan pembongkaran."",""bisa_custom"":""Ya, dengan survei lokasi lebih dulu"",""jenis_bunga"":""Bunga segar impor dan lokal, dikombinasi"",""jenis_produk"":""Dekorasi bunga acara"",""estimasi_pengerjaan"":""Pemasangan H-1 atau pagi hari-H""}"
"7240b38b-79a4-4a08-baf4-0bf977bdc3b7","1f99fadf-1ad0-4689-84c1-95677f9d063a","Gardenia Florist","florist","Buket Hadiah Wisuda","Buket ukuran sedang untuk hadiah wisuda atau ulang tahun, bisa dikirim langsung ke penerima dengan kartu ucapan.","650000.00","1","{""warna"":""Cerah atau pastel"",""ukuran"":""Diameter 20-25 cm"",""fasilitas"":""Kartu ucapan tulis tangan dan pengiriman ke alamat penerima di area Jabodetabek."",""bisa_custom"":""Ya, bisa dicampur buket snack"",""jenis_bunga"":""Mawar, matahari, baby breath"",""jenis_produk"":""Buket hadiah"",""estimasi_pengerjaan"":""Bisa hari yang sama""}"
"b5cbde79-e37a-4b2c-922d-a587f34c113b","1f99fadf-1ad0-4689-84c1-95677f9d063a","Gardenia Florist","florist","Hand Bouquet Bridesmaid","Buket kecil seragam untuk bridesmaid, dirangkai senada dengan buket pengantin tapi dengan ukuran yang lebih ringkas.","750000.00","5","{""warna"":""Senada dengan gaun bridesmaid"",""ukuran"":""Diameter 15-20 cm"",""fasilitas"":""Pengiriman bersamaan dengan buket pengantin."",""bisa_custom"":""Ya, jumlah menyesuaikan"",""jenis_bunga"":""Mawar mini, baby breath, daun hias"",""jenis_produk"":""Buket bridesmaid"",""estimasi_pengerjaan"":""1-2 hari sebelum acara""}"
"7e5fc599-d5a4-4f44-9703-a9bcd66bbca2","1f99fadf-1ad0-4689-84c1-95677f9d063a","Gardenia Florist","florist","Standing Flower Ucapan","Papan bunga ucapan selamat untuk pernikahan, pembukaan usaha, atau belasungkawa, lengkap dengan kartu ucapan.","2000000.00","2","{""warna"":""Menyesuaikan jenis acara"",""ukuran"":""Tinggi 150-200 cm"",""fasilitas"":""Pengantaran dan pemasangan di lokasi, serta pengambilan kembali rangka setelah acara."",""bisa_custom"":""Ya, teks ucapan bebas"",""jenis_bunga"":""Krisan, anggrek, mawar"",""jenis_produk"":""Standing flower / papan bunga"",""estimasi_pengerjaan"":""1 hari""}"
"bee765b9-37ab-4305-a00e-b7fedf566d76","1f99fadf-1ad0-4689-84c1-95677f9d063a","Gardenia Florist","florist","Buket Pengantin","Buket tangan pengantin yang dirangkai sesuai warna gaun dan tema acara, dikerjakan sehari sebelum acara agar bunganya segar.","2500000.00","7","{""warna"":""Putih, nude, pastel, sesuai permintaan"",""ukuran"":""Diameter 25-35 cm"",""fasilitas"":""Konsultasi konsep, foto contoh rangkaian sebelum dikerjakan, dan pengiriman ke lokasi acara."",""bisa_custom"":""Ya, termasuk pilihan pita dan gagang"",""jenis_bunga"":""Mawar, peony, baby breath, eucalyptus"",""jenis_produk"":""Buket tangan pengantin"",""estimasi_pengerjaan"":""1-2 hari sebelum acara""}"
"853f81f9-8deb-4969-ad98-91a0ac9dfa4a","1f99fadf-1ad0-4689-84c1-95677f9d063a","Gardenia Florist","florist","Dekorasi Meja Pelaminan","Rangkaian bunga untuk area pelaminan dan meja tamu, dipasang dan dibongkar oleh tim kami di hari acara.","5500000.00","21","{""warna"":""Mengikuti tema dekorasi"",""ukuran"":""Area pelaminan sampai 8 meter"",""fasilitas"":""Survei lokasi, gambar rancangan, pemasangan, penjagaan selama acara, dan pembongkaran."",""bisa_custom"":""Ya, dengan survei lokasi lebih dulu"",""jenis_bunga"":""Bunga segar impor dan lokal, dikombinasi"",""jenis_produk"":""Dekorasi bunga acara"",""estimasi_pengerjaan"":""Pemasangan H-1 atau pagi hari-H""}"
"8b1ab8aa-3d03-45c3-a1a2-9ecd547f2ce5","fff7671b-0d9f-461e-94e9-12aef61cd878","Hijau Segar Florist","florist","Buket Hadiah Wisuda","Buket ukuran sedang untuk hadiah wisuda atau ulang tahun, bisa dikirim langsung ke penerima dengan kartu ucapan.","150000.00","1","{""warna"":""Cerah atau pastel"",""ukuran"":""Diameter 20-25 cm"",""fasilitas"":""Kartu ucapan tulis tangan dan pengiriman ke alamat penerima di area Jabodetabek."",""bisa_custom"":""Ya, bisa dicampur buket snack"",""jenis_bunga"":""Mawar, matahari, baby breath"",""jenis_produk"":""Buket hadiah"",""estimasi_pengerjaan"":""Bisa hari yang sama""}"
"08d0ef1c-f6e2-4e59-ba48-170950f913e0","fff7671b-0d9f-461e-94e9-12aef61cd878","Hijau Segar Florist","florist","Hand Bouquet Bridesmaid","Buket kecil seragam untuk bridesmaid, dirangkai senada dengan buket pengantin tapi dengan ukuran yang lebih ringkas.","200000.00","5","{""warna"":""Senada dengan gaun bridesmaid"",""ukuran"":""Diameter 15-20 cm"",""fasilitas"":""Pengiriman bersamaan dengan buket pengantin."",""bisa_custom"":""Ya, jumlah menyesuaikan"",""jenis_bunga"":""Mawar mini, baby breath, daun hias"",""jenis_produk"":""Buket bridesmaid"",""estimasi_pengerjaan"":""1-2 hari sebelum acara""}"
"50e3d86d-b462-4faf-9f53-ce1e203aa762","fff7671b-0d9f-461e-94e9-12aef61cd878","Hijau Segar Florist","florist","Standing Flower Ucapan","Papan bunga ucapan selamat untuk pernikahan, pembukaan usaha, atau belasungkawa, lengkap dengan kartu ucapan.","500000.00","2","{""warna"":""Menyesuaikan jenis acara"",""ukuran"":""Tinggi 150-200 cm"",""fasilitas"":""Pengantaran dan pemasangan di lokasi, serta pengambilan kembali rangka setelah acara."",""bisa_custom"":""Ya, teks ucapan bebas"",""jenis_bunga"":""Krisan, anggrek, mawar"",""jenis_produk"":""Standing flower / papan bunga"",""estimasi_pengerjaan"":""1 hari""}"
"582fd03a-ac89-48e0-a32c-43a97b84505d","fff7671b-0d9f-461e-94e9-12aef61cd878","Hijau Segar Florist","florist","Buket Pengantin","Buket tangan pengantin yang dirangkai sesuai warna gaun dan tema acara, dikerjakan sehari sebelum acara agar bunganya segar.","600000.00","7","{""warna"":""Putih, nude, pastel, sesuai permintaan"",""ukuran"":""Diameter 25-35 cm"",""fasilitas"":""Konsultasi konsep, foto contoh rangkaian sebelum dikerjakan, dan pengiriman ke lokasi acara."",""bisa_custom"":""Ya, termasuk pilihan pita dan gagang"",""jenis_bunga"":""Mawar, peony, baby breath, eucalyptus"",""jenis_produk"":""Buket tangan pengantin"",""estimasi_pengerjaan"":""1-2 hari sebelum acara""}"
"25aa2db7-bc98-4a35-a769-ee422c2a57f1","fff7671b-0d9f-461e-94e9-12aef61cd878","Hijau Segar Florist","florist","Dekorasi Meja Pelaminan","Rangkaian bunga untuk area pelaminan dan meja tamu, dipasang dan dibongkar oleh tim kami di hari acara.","1300000.00","21","{""warna"":""Mengikuti tema dekorasi"",""ukuran"":""Area pelaminan sampai 8 meter"",""fasilitas"":""Survei lokasi, gambar rancangan, pemasangan, penjagaan selama acara, dan pembongkaran."",""bisa_custom"":""Ya, dengan survei lokasi lebih dulu"",""jenis_bunga"":""Bunga segar impor dan lokal, dikombinasi"",""jenis_produk"":""Dekorasi bunga acara"",""estimasi_pengerjaan"":""Pemasangan H-1 atau pagi hari-H""}"
"69c359c4-b63c-48e3-9c95-b704f2cad100","42a7fe6b-d847-4fc9-84d4-5fe34940b882","Iris Floral Boutique","florist","Buket Hadiah Wisuda","Buket ukuran sedang untuk hadiah wisuda atau ulang tahun, bisa dikirim langsung ke penerima dengan kartu ucapan.","350000.00","1","{""warna"":""Cerah atau pastel"",""ukuran"":""Diameter 20-25 cm"",""fasilitas"":""Kartu ucapan tulis tangan dan pengiriman ke alamat penerima di area Jabodetabek."",""bisa_custom"":""Ya, bisa dicampur buket snack"",""jenis_bunga"":""Mawar, matahari, baby breath"",""jenis_produk"":""Buket hadiah"",""estimasi_pengerjaan"":""Bisa hari yang sama""}"
"a8adbff4-e8f6-4d75-8272-95b2f8c1131d","42a7fe6b-d847-4fc9-84d4-5fe34940b882","Iris Floral Boutique","florist","Hand Bouquet Bridesmaid","Buket kecil seragam untuk bridesmaid, dirangkai senada dengan buket pengantin tapi dengan ukuran yang lebih ringkas.","400000.00","5","{""warna"":""Senada dengan gaun bridesmaid"",""ukuran"":""Diameter 15-20 cm"",""fasilitas"":""Pengiriman bersamaan dengan buket pengantin."",""bisa_custom"":""Ya, jumlah menyesuaikan"",""jenis_bunga"":""Mawar mini, baby breath, daun hias"",""jenis_produk"":""Buket bridesmaid"",""estimasi_pengerjaan"":""1-2 hari sebelum acara""}"
"13dfe866-33b7-4b9e-908c-6d50b9d6f190","42a7fe6b-d847-4fc9-84d4-5fe34940b882","Iris Floral Boutique","florist","Standing Flower Ucapan","Papan bunga ucapan selamat untuk pernikahan, pembukaan usaha, atau belasungkawa, lengkap dengan kartu ucapan.","1100000.00","2","{""warna"":""Menyesuaikan jenis acara"",""ukuran"":""Tinggi 150-200 cm"",""fasilitas"":""Pengantaran dan pemasangan di lokasi, serta pengambilan kembali rangka setelah acara."",""bisa_custom"":""Ya, teks ucapan bebas"",""jenis_bunga"":""Krisan, anggrek, mawar"",""jenis_produk"":""Standing flower / papan bunga"",""estimasi_pengerjaan"":""1 hari""}"
"42891865-0e41-4373-9363-a4afd96f04c8","42a7fe6b-d847-4fc9-84d4-5fe34940b882","Iris Floral Boutique","florist","Buket Pengantin","Buket tangan pengantin yang dirangkai sesuai warna gaun dan tema acara, dikerjakan sehari sebelum acara agar bunganya segar.","1400000.00","7","{""warna"":""Putih, nude, pastel, sesuai permintaan"",""ukuran"":""Diameter 25-35 cm"",""fasilitas"":""Konsultasi konsep, foto contoh rangkaian sebelum dikerjakan, dan pengiriman ke lokasi acara."",""bisa_custom"":""Ya, termasuk pilihan pita dan gagang"",""jenis_bunga"":""Mawar, peony, baby breath, eucalyptus"",""jenis_produk"":""Buket tangan pengantin"",""estimasi_pengerjaan"":""1-2 hari sebelum acara""}"
"08cf635e-a12a-43ce-9b1f-35d9c02c9f85","42a7fe6b-d847-4fc9-84d4-5fe34940b882","Iris Floral Boutique","florist","Dekorasi Meja Pelaminan","Rangkaian bunga untuk area pelaminan dan meja tamu, dipasang dan dibongkar oleh tim kami di hari acara.","3100000.00","21","{""warna"":""Mengikuti tema dekorasi"",""ukuran"":""Area pelaminan sampai 8 meter"",""fasilitas"":""Survei lokasi, gambar rancangan, pemasangan, penjagaan selama acara, dan pembongkaran."",""bisa_custom"":""Ya, dengan survei lokasi lebih dulu"",""jenis_bunga"":""Bunga segar impor dan lokal, dikombinasi"",""jenis_produk"":""Dekorasi bunga acara"",""estimasi_pengerjaan"":""Pemasangan H-1 atau pagi hari-H""}"
"2fd45c6f-2c01-499c-a641-d4d183ba8e06","59eb31c6-26d0-4604-9855-d07c20683825","Jasmine Bloom Studio","florist","Buket Hadiah Wisuda","Buket ukuran sedang untuk hadiah wisuda atau ulang tahun, bisa dikirim langsung ke penerima dengan kartu ucapan.","250000.00","1","{""warna"":""Cerah atau pastel"",""ukuran"":""Diameter 20-25 cm"",""fasilitas"":""Kartu ucapan tulis tangan dan pengiriman ke alamat penerima di area Jabodetabek."",""bisa_custom"":""Ya, bisa dicampur buket snack"",""jenis_bunga"":""Mawar, matahari, baby breath"",""jenis_produk"":""Buket hadiah"",""estimasi_pengerjaan"":""Bisa hari yang sama""}"
"966480af-0232-4626-ac05-b8712985ecb5","59eb31c6-26d0-4604-9855-d07c20683825","Jasmine Bloom Studio","florist","Hand Bouquet Bridesmaid","Buket kecil seragam untuk bridesmaid, dirangkai senada dengan buket pengantin tapi dengan ukuran yang lebih ringkas.","300000.00","5","{""warna"":""Senada dengan gaun bridesmaid"",""ukuran"":""Diameter 15-20 cm"",""fasilitas"":""Pengiriman bersamaan dengan buket pengantin."",""bisa_custom"":""Ya, jumlah menyesuaikan"",""jenis_bunga"":""Mawar mini, baby breath, daun hias"",""jenis_produk"":""Buket bridesmaid"",""estimasi_pengerjaan"":""1-2 hari sebelum acara""}"
"3a305dd9-4580-4737-b468-6e714805bc39","59eb31c6-26d0-4604-9855-d07c20683825","Jasmine Bloom Studio","florist","Standing Flower Ucapan","Papan bunga ucapan selamat untuk pernikahan, pembukaan usaha, atau belasungkawa, lengkap dengan kartu ucapan.","800000.00","2","{""warna"":""Menyesuaikan jenis acara"",""ukuran"":""Tinggi 150-200 cm"",""fasilitas"":""Pengantaran dan pemasangan di lokasi, serta pengambilan kembali rangka setelah acara."",""bisa_custom"":""Ya, teks ucapan bebas"",""jenis_bunga"":""Krisan, anggrek, mawar"",""jenis_produk"":""Standing flower / papan bunga"",""estimasi_pengerjaan"":""1 hari""}"
"963a1721-45fc-46b9-84fc-e545f0855084","59eb31c6-26d0-4604-9855-d07c20683825","Jasmine Bloom Studio","florist","Buket Pengantin","Buket tangan pengantin yang dirangkai sesuai warna gaun dan tema acara, dikerjakan sehari sebelum acara agar bunganya segar.","1000000.00","7","{""warna"":""Putih, nude, pastel, sesuai permintaan"",""ukuran"":""Diameter 25-35 cm"",""fasilitas"":""Konsultasi konsep, foto contoh rangkaian sebelum dikerjakan, dan pengiriman ke lokasi acara."",""bisa_custom"":""Ya, termasuk pilihan pita dan gagang"",""jenis_bunga"":""Mawar, peony, baby breath, eucalyptus"",""jenis_produk"":""Buket tangan pengantin"",""estimasi_pengerjaan"":""1-2 hari sebelum acara""}"
"b8ecc0bd-c740-42f9-9e6c-389a446384ca","59eb31c6-26d0-4604-9855-d07c20683825","Jasmine Bloom Studio","florist","Dekorasi Meja Pelaminan","Rangkaian bunga untuk area pelaminan dan meja tamu, dipasang dan dibongkar oleh tim kami di hari acara.","2200000.00","21","{""warna"":""Mengikuti tema dekorasi"",""ukuran"":""Area pelaminan sampai 8 meter"",""fasilitas"":""Survei lokasi, gambar rancangan, pemasangan, penjagaan selama acara, dan pembongkaran."",""bisa_custom"":""Ya, dengan survei lokasi lebih dulu"",""jenis_bunga"":""Bunga segar impor dan lokal, dikombinasi"",""jenis_produk"":""Dekorasi bunga acara"",""estimasi_pengerjaan"":""Pemasangan H-1 atau pagi hari-H""}"
"30c9eec8-3c00-4b3d-b580-acb76a2dba45","6480e1a7-b50a-4741-98e6-2eefccc12191","Kenanga Florist","florist","Buket Hadiah Wisuda","Buket ukuran sedang untuk hadiah wisuda atau ulang tahun, bisa dikirim langsung ke penerima dengan kartu ucapan.","200000.00","1","{""warna"":""Cerah atau pastel"",""ukuran"":""Diameter 20-25 cm"",""fasilitas"":""Kartu ucapan tulis tangan dan pengiriman ke alamat penerima di area Jabodetabek."",""bisa_custom"":""Ya, bisa dicampur buket snack"",""jenis_bunga"":""Mawar, matahari, baby breath"",""jenis_produk"":""Buket hadiah"",""estimasi_pengerjaan"":""Bisa hari yang sama""}"
"0c66b3ca-e3e8-4a63-a963-04c56fd4772e","6480e1a7-b50a-4741-98e6-2eefccc12191","Kenanga Florist","florist","Hand Bouquet Bridesmaid","Buket kecil seragam untuk bridesmaid, dirangkai senada dengan buket pengantin tapi dengan ukuran yang lebih ringkas.","250000.00","5","{""warna"":""Senada dengan gaun bridesmaid"",""ukuran"":""Diameter 15-20 cm"",""fasilitas"":""Pengiriman bersamaan dengan buket pengantin."",""bisa_custom"":""Ya, jumlah menyesuaikan"",""jenis_bunga"":""Mawar mini, baby breath, daun hias"",""jenis_produk"":""Buket bridesmaid"",""estimasi_pengerjaan"":""1-2 hari sebelum acara""}"
"0ee17210-c64b-478f-b3ad-4379246382da","6480e1a7-b50a-4741-98e6-2eefccc12191","Kenanga Florist","florist","Standing Flower Ucapan","Papan bunga ucapan selamat untuk pernikahan, pembukaan usaha, atau belasungkawa, lengkap dengan kartu ucapan.","650000.00","2","{""warna"":""Menyesuaikan jenis acara"",""ukuran"":""Tinggi 150-200 cm"",""fasilitas"":""Pengantaran dan pemasangan di lokasi, serta pengambilan kembali rangka setelah acara."",""bisa_custom"":""Ya, teks ucapan bebas"",""jenis_bunga"":""Krisan, anggrek, mawar"",""jenis_produk"":""Standing flower / papan bunga"",""estimasi_pengerjaan"":""1 hari""}"
"4700108c-c438-43fc-9098-cb79e4f8d6a0","6480e1a7-b50a-4741-98e6-2eefccc12191","Kenanga Florist","florist","Buket Pengantin","Buket tangan pengantin yang dirangkai sesuai warna gaun dan tema acara, dikerjakan sehari sebelum acara agar bunganya segar.","800000.00","7","{""warna"":""Putih, nude, pastel, sesuai permintaan"",""ukuran"":""Diameter 25-35 cm"",""fasilitas"":""Konsultasi konsep, foto contoh rangkaian sebelum dikerjakan, dan pengiriman ke lokasi acara."",""bisa_custom"":""Ya, termasuk pilihan pita dan gagang"",""jenis_bunga"":""Mawar, peony, baby breath, eucalyptus"",""jenis_produk"":""Buket tangan pengantin"",""estimasi_pengerjaan"":""1-2 hari sebelum acara""}"
"104d2f4f-c4fd-4978-a492-efdd9e0b1b3a","6480e1a7-b50a-4741-98e6-2eefccc12191","Kenanga Florist","florist","Dekorasi Meja Pelaminan","Rangkaian bunga untuk area pelaminan dan meja tamu, dipasang dan dibongkar oleh tim kami di hari acara.","1750000.00","21","{""warna"":""Mengikuti tema dekorasi"",""ukuran"":""Area pelaminan sampai 8 meter"",""fasilitas"":""Survei lokasi, gambar rancangan, pemasangan, penjagaan selama acara, dan pembongkaran."",""bisa_custom"":""Ya, dengan survei lokasi lebih dulu"",""jenis_bunga"":""Bunga segar impor dan lokal, dikombinasi"",""jenis_produk"":""Dekorasi bunga acara"",""estimasi_pengerjaan"":""Pemasangan H-1 atau pagi hari-H""}"
"c18cba92-fd2e-48b8-99f7-0e82e32d9590","fe9622ee-7acf-4bf4-bc74-408b12693c07","Lavender Dream Florist","florist","Buket Hadiah Wisuda","Buket ukuran sedang untuk hadiah wisuda atau ulang tahun, bisa dikirim langsung ke penerima dengan kartu ucapan.","400000.00","1","{""warna"":""Cerah atau pastel"",""ukuran"":""Diameter 20-25 cm"",""fasilitas"":""Kartu ucapan tulis tangan dan pengiriman ke alamat penerima di area Jabodetabek."",""bisa_custom"":""Ya, bisa dicampur buket snack"",""jenis_bunga"":""Mawar, matahari, baby breath"",""jenis_produk"":""Buket hadiah"",""estimasi_pengerjaan"":""Bisa hari yang sama""}"
"f8bc2391-a74c-47dc-852d-a2c3f100bba2","fe9622ee-7acf-4bf4-bc74-408b12693c07","Lavender Dream Florist","florist","Hand Bouquet Bridesmaid","Buket kecil seragam untuk bridesmaid, dirangkai senada dengan buket pengantin tapi dengan ukuran yang lebih ringkas.","500000.00","5","{""warna"":""Senada dengan gaun bridesmaid"",""ukuran"":""Diameter 15-20 cm"",""fasilitas"":""Pengiriman bersamaan dengan buket pengantin."",""bisa_custom"":""Ya, jumlah menyesuaikan"",""jenis_bunga"":""Mawar mini, baby breath, daun hias"",""jenis_produk"":""Buket bridesmaid"",""estimasi_pengerjaan"":""1-2 hari sebelum acara""}"
"860f9b57-895e-4280-bf00-bfa3092d5fe9","fe9622ee-7acf-4bf4-bc74-408b12693c07","Lavender Dream Florist","florist","Standing Flower Ucapan","Papan bunga ucapan selamat untuk pernikahan, pembukaan usaha, atau belasungkawa, lengkap dengan kartu ucapan.","1300000.00","2","{""warna"":""Menyesuaikan jenis acara"",""ukuran"":""Tinggi 150-200 cm"",""fasilitas"":""Pengantaran dan pemasangan di lokasi, serta pengambilan kembali rangka setelah acara."",""bisa_custom"":""Ya, teks ucapan bebas"",""jenis_bunga"":""Krisan, anggrek, mawar"",""jenis_produk"":""Standing flower / papan bunga"",""estimasi_pengerjaan"":""1 hari""}"
"8d988f64-1dad-438e-8680-b26855b6f003","fe9622ee-7acf-4bf4-bc74-408b12693c07","Lavender Dream Florist","florist","Buket Pengantin","Buket tangan pengantin yang dirangkai sesuai warna gaun dan tema acara, dikerjakan sehari sebelum acara agar bunganya segar.","1600000.00","7","{""warna"":""Putih, nude, pastel, sesuai permintaan"",""ukuran"":""Diameter 25-35 cm"",""fasilitas"":""Konsultasi konsep, foto contoh rangkaian sebelum dikerjakan, dan pengiriman ke lokasi acara."",""bisa_custom"":""Ya, termasuk pilihan pita dan gagang"",""jenis_bunga"":""Mawar, peony, baby breath, eucalyptus"",""jenis_produk"":""Buket tangan pengantin"",""estimasi_pengerjaan"":""1-2 hari sebelum acara""}"
"2268d680-9cc0-4e16-95c6-ca5b2144bf8b","fe9622ee-7acf-4bf4-bc74-408b12693c07","Lavender Dream Florist","florist","Dekorasi Meja Pelaminan","Rangkaian bunga untuk area pelaminan dan meja tamu, dipasang dan dibongkar oleh tim kami di hari acara.","3500000.00","21","{""warna"":""Mengikuti tema dekorasi"",""ukuran"":""Area pelaminan sampai 8 meter"",""fasilitas"":""Survei lokasi, gambar rancangan, pemasangan, penjagaan selama acara, dan pembongkaran."",""bisa_custom"":""Ya, dengan survei lokasi lebih dulu"",""jenis_bunga"":""Bunga segar impor dan lokal, dikombinasi"",""jenis_produk"":""Dekorasi bunga acara"",""estimasi_pengerjaan"":""Pemasangan H-1 atau pagi hari-H""}"
"ec8640e0-c2bc-403c-9596-94068eb23fd8","f210893c-ccf3-4904-b54e-c11582b35e56","Mawar Merah Florist","florist","Buket Hadiah Wisuda","Buket ukuran sedang untuk hadiah wisuda atau ulang tahun, bisa dikirim langsung ke penerima dengan kartu ucapan.","250000.00","1","{""warna"":""Cerah atau pastel"",""ukuran"":""Diameter 20-25 cm"",""fasilitas"":""Kartu ucapan tulis tangan dan pengiriman ke alamat penerima di area Jabodetabek."",""bisa_custom"":""Ya, bisa dicampur buket snack"",""jenis_bunga"":""Mawar, matahari, baby breath"",""jenis_produk"":""Buket hadiah"",""estimasi_pengerjaan"":""Bisa hari yang sama""}"
"c73ff690-89ee-4b1e-973c-b7d7455d1608","f210893c-ccf3-4904-b54e-c11582b35e56","Mawar Merah Florist","florist","Hand Bouquet Bridesmaid","Buket kecil seragam untuk bridesmaid, dirangkai senada dengan buket pengantin tapi dengan ukuran yang lebih ringkas.","300000.00","5","{""warna"":""Senada dengan gaun bridesmaid"",""ukuran"":""Diameter 15-20 cm"",""fasilitas"":""Pengiriman bersamaan dengan buket pengantin."",""bisa_custom"":""Ya, jumlah menyesuaikan"",""jenis_bunga"":""Mawar mini, baby breath, daun hias"",""jenis_produk"":""Buket bridesmaid"",""estimasi_pengerjaan"":""1-2 hari sebelum acara""}"
"a731f1f2-ffce-4a50-a64f-31d50bfbd02a","f210893c-ccf3-4904-b54e-c11582b35e56","Mawar Merah Florist","florist","Standing Flower Ucapan","Papan bunga ucapan selamat untuk pernikahan, pembukaan usaha, atau belasungkawa, lengkap dengan kartu ucapan.","800000.00","2","{""warna"":""Menyesuaikan jenis acara"",""ukuran"":""Tinggi 150-200 cm"",""fasilitas"":""Pengantaran dan pemasangan di lokasi, serta pengambilan kembali rangka setelah acara."",""bisa_custom"":""Ya, teks ucapan bebas"",""jenis_bunga"":""Krisan, anggrek, mawar"",""jenis_produk"":""Standing flower / papan bunga"",""estimasi_pengerjaan"":""1 hari""}"
"0ce64264-2568-4ea1-bd97-3657242bf61c","f210893c-ccf3-4904-b54e-c11582b35e56","Mawar Merah Florist","florist","Buket Pengantin","Buket tangan pengantin yang dirangkai sesuai warna gaun dan tema acara, dikerjakan sehari sebelum acara agar bunganya segar.","1000000.00","7","{""warna"":""Putih, nude, pastel, sesuai permintaan"",""ukuran"":""Diameter 25-35 cm"",""fasilitas"":""Konsultasi konsep, foto contoh rangkaian sebelum dikerjakan, dan pengiriman ke lokasi acara."",""bisa_custom"":""Ya, termasuk pilihan pita dan gagang"",""jenis_bunga"":""Mawar, peony, baby breath, eucalyptus"",""jenis_produk"":""Buket tangan pengantin"",""estimasi_pengerjaan"":""1-2 hari sebelum acara""}"
"16d0a05b-db15-4b78-af09-0b15cd024c1f","f210893c-ccf3-4904-b54e-c11582b35e56","Mawar Merah Florist","florist","Dekorasi Meja Pelaminan","Rangkaian bunga untuk area pelaminan dan meja tamu, dipasang dan dibongkar oleh tim kami di hari acara.","2200000.00","21","{""warna"":""Mengikuti tema dekorasi"",""ukuran"":""Area pelaminan sampai 8 meter"",""fasilitas"":""Survei lokasi, gambar rancangan, pemasangan, penjagaan selama acara, dan pembongkaran."",""bisa_custom"":""Ya, dengan survei lokasi lebih dulu"",""jenis_bunga"":""Bunga segar impor dan lokal, dikombinasi"",""jenis_produk"":""Dekorasi bunga acara"",""estimasi_pengerjaan"":""Pemasangan H-1 atau pagi hari-H""}"
"8353a26d-c525-4ac9-95ca-bd1116bf0945","06411e1a-5f3b-4ddc-a2ca-8c28903d1825","Nasturtium Florist","florist","Buket Hadiah Wisuda","Buket ukuran sedang untuk hadiah wisuda atau ulang tahun, bisa dikirim langsung ke penerima dengan kartu ucapan.","350000.00","1","{""warna"":""Cerah atau pastel"",""ukuran"":""Diameter 20-25 cm"",""fasilitas"":""Kartu ucapan tulis tangan dan pengiriman ke alamat penerima di area Jabodetabek."",""bisa_custom"":""Ya, bisa dicampur buket snack"",""jenis_bunga"":""Mawar, matahari, baby breath"",""jenis_produk"":""Buket hadiah"",""estimasi_pengerjaan"":""Bisa hari yang sama""}"
"fd4c8119-be04-40b7-94d1-c669b1b55766","06411e1a-5f3b-4ddc-a2ca-8c28903d1825","Nasturtium Florist","florist","Hand Bouquet Bridesmaid","Buket kecil seragam untuk bridesmaid, dirangkai senada dengan buket pengantin tapi dengan ukuran yang lebih ringkas.","400000.00","5","{""warna"":""Senada dengan gaun bridesmaid"",""ukuran"":""Diameter 15-20 cm"",""fasilitas"":""Pengiriman bersamaan dengan buket pengantin."",""bisa_custom"":""Ya, jumlah menyesuaikan"",""jenis_bunga"":""Mawar mini, baby breath, daun hias"",""jenis_produk"":""Buket bridesmaid"",""estimasi_pengerjaan"":""1-2 hari sebelum acara""}"
"bb548e0c-0884-4e9d-933e-3a748b491a14","06411e1a-5f3b-4ddc-a2ca-8c28903d1825","Nasturtium Florist","florist","Standing Flower Ucapan","Papan bunga ucapan selamat untuk pernikahan, pembukaan usaha, atau belasungkawa, lengkap dengan kartu ucapan.","1050000.00","2","{""warna"":""Menyesuaikan jenis acara"",""ukuran"":""Tinggi 150-200 cm"",""fasilitas"":""Pengantaran dan pemasangan di lokasi, serta pengambilan kembali rangka setelah acara."",""bisa_custom"":""Ya, teks ucapan bebas"",""jenis_bunga"":""Krisan, anggrek, mawar"",""jenis_produk"":""Standing flower / papan bunga"",""estimasi_pengerjaan"":""1 hari""}"
"f03424a0-86c7-412f-affa-53a957a57ed9","06411e1a-5f3b-4ddc-a2ca-8c28903d1825","Nasturtium Florist","florist","Buket Pengantin","Buket tangan pengantin yang dirangkai sesuai warna gaun dan tema acara, dikerjakan sehari sebelum acara agar bunganya segar.","1300000.00","7","{""warna"":""Putih, nude, pastel, sesuai permintaan"",""ukuran"":""Diameter 25-35 cm"",""fasilitas"":""Konsultasi konsep, foto contoh rangkaian sebelum dikerjakan, dan pengiriman ke lokasi acara."",""bisa_custom"":""Ya, termasuk pilihan pita dan gagang"",""jenis_bunga"":""Mawar, peony, baby breath, eucalyptus"",""jenis_produk"":""Buket tangan pengantin"",""estimasi_pengerjaan"":""1-2 hari sebelum acara""}"
"adaa956c-384a-42bd-a7bd-e184be23fb31","06411e1a-5f3b-4ddc-a2ca-8c28903d1825","Nasturtium Florist","florist","Dekorasi Meja Pelaminan","Rangkaian bunga untuk area pelaminan dan meja tamu, dipasang dan dibongkar oleh tim kami di hari acara.","2850000.00","21","{""warna"":""Mengikuti tema dekorasi"",""ukuran"":""Area pelaminan sampai 8 meter"",""fasilitas"":""Survei lokasi, gambar rancangan, pemasangan, penjagaan selama acara, dan pembongkaran."",""bisa_custom"":""Ya, dengan survei lokasi lebih dulu"",""jenis_bunga"":""Bunga segar impor dan lokal, dikombinasi"",""jenis_produk"":""Dekorasi bunga acara"",""estimasi_pengerjaan"":""Pemasangan H-1 atau pagi hari-H""}"
"6826852f-6653-40d6-a6d6-601fffb97061","8f0d1d20-807a-4864-8fd3-e38cbeac6192","Orchid Palace Florist","florist","Buket Hadiah Wisuda","Buket ukuran sedang untuk hadiah wisuda atau ulang tahun, bisa dikirim langsung ke penerima dengan kartu ucapan.","550000.00","1","{""warna"":""Cerah atau pastel"",""ukuran"":""Diameter 20-25 cm"",""fasilitas"":""Kartu ucapan tulis tangan dan pengiriman ke alamat penerima di area Jabodetabek."",""bisa_custom"":""Ya, bisa dicampur buket snack"",""jenis_bunga"":""Mawar, matahari, baby breath"",""jenis_produk"":""Buket hadiah"",""estimasi_pengerjaan"":""Bisa hari yang sama""}"
"13229696-c579-46c3-b5d9-73e8545e2a1e","8f0d1d20-807a-4864-8fd3-e38cbeac6192","Orchid Palace Florist","florist","Hand Bouquet Bridesmaid","Buket kecil seragam untuk bridesmaid, dirangkai senada dengan buket pengantin tapi dengan ukuran yang lebih ringkas.","650000.00","5","{""warna"":""Senada dengan gaun bridesmaid"",""ukuran"":""Diameter 15-20 cm"",""fasilitas"":""Pengiriman bersamaan dengan buket pengantin."",""bisa_custom"":""Ya, jumlah menyesuaikan"",""jenis_bunga"":""Mawar mini, baby breath, daun hias"",""jenis_produk"":""Buket bridesmaid"",""estimasi_pengerjaan"":""1-2 hari sebelum acara""}"
"2fcd0d00-385c-4c78-9767-546816b9fa08","8f0d1d20-807a-4864-8fd3-e38cbeac6192","Orchid Palace Florist","florist","Standing Flower Ucapan","Papan bunga ucapan selamat untuk pernikahan, pembukaan usaha, atau belasungkawa, lengkap dengan kartu ucapan.","1750000.00","2","{""warna"":""Menyesuaikan jenis acara"",""ukuran"":""Tinggi 150-200 cm"",""fasilitas"":""Pengantaran dan pemasangan di lokasi, serta pengambilan kembali rangka setelah acara."",""bisa_custom"":""Ya, teks ucapan bebas"",""jenis_bunga"":""Krisan, anggrek, mawar"",""jenis_produk"":""Standing flower / papan bunga"",""estimasi_pengerjaan"":""1 hari""}"
"0e1452b2-6ace-4e45-835c-e87b125a5ec1","8f0d1d20-807a-4864-8fd3-e38cbeac6192","Orchid Palace Florist","florist","Buket Pengantin","Buket tangan pengantin yang dirangkai sesuai warna gaun dan tema acara, dikerjakan sehari sebelum acara agar bunganya segar.","2200000.00","7","{""warna"":""Putih, nude, pastel, sesuai permintaan"",""ukuran"":""Diameter 25-35 cm"",""fasilitas"":""Konsultasi konsep, foto contoh rangkaian sebelum dikerjakan, dan pengiriman ke lokasi acara."",""bisa_custom"":""Ya, termasuk pilihan pita dan gagang"",""jenis_bunga"":""Mawar, peony, baby breath, eucalyptus"",""jenis_produk"":""Buket tangan pengantin"",""estimasi_pengerjaan"":""1-2 hari sebelum acara""}"
"f145b052-bb53-40e1-b9c1-cc836125f4b4","8f0d1d20-807a-4864-8fd3-e38cbeac6192","Orchid Palace Florist","florist","Dekorasi Meja Pelaminan","Rangkaian bunga untuk area pelaminan dan meja tamu, dipasang dan dibongkar oleh tim kami di hari acara.","4850000.00","21","{""warna"":""Mengikuti tema dekorasi"",""ukuran"":""Area pelaminan sampai 8 meter"",""fasilitas"":""Survei lokasi, gambar rancangan, pemasangan, penjagaan selama acara, dan pembongkaran."",""bisa_custom"":""Ya, dengan survei lokasi lebih dulu"",""jenis_bunga"":""Bunga segar impor dan lokal, dikombinasi"",""jenis_produk"":""Dekorasi bunga acara"",""estimasi_pengerjaan"":""Pemasangan H-1 atau pagi hari-H""}"
"6c288eb1-0f21-490c-aab1-b99b7f45007d","e183fe1b-05a3-4a4b-a02b-cd955ceb20fc","Peony Studio Florist","florist","Buket Hadiah Wisuda","Buket ukuran sedang untuk hadiah wisuda atau ulang tahun, bisa dikirim langsung ke penerima dengan kartu ucapan.","400000.00","1","{""warna"":""Cerah atau pastel"",""ukuran"":""Diameter 20-25 cm"",""fasilitas"":""Kartu ucapan tulis tangan dan pengiriman ke alamat penerima di area Jabodetabek."",""bisa_custom"":""Ya, bisa dicampur buket snack"",""jenis_bunga"":""Mawar, matahari, baby breath"",""jenis_produk"":""Buket hadiah"",""estimasi_pengerjaan"":""Bisa hari yang sama""}"
"343a2d31-0b70-44f9-9786-783aa1f9147e","e183fe1b-05a3-4a4b-a02b-cd955ceb20fc","Peony Studio Florist","florist","Hand Bouquet Bridesmaid","Buket kecil seragam untuk bridesmaid, dirangkai senada dengan buket pengantin tapi dengan ukuran yang lebih ringkas.","450000.00","5","{""warna"":""Senada dengan gaun bridesmaid"",""ukuran"":""Diameter 15-20 cm"",""fasilitas"":""Pengiriman bersamaan dengan buket pengantin."",""bisa_custom"":""Ya, jumlah menyesuaikan"",""jenis_bunga"":""Mawar mini, baby breath, daun hias"",""jenis_produk"":""Buket bridesmaid"",""estimasi_pengerjaan"":""1-2 hari sebelum acara""}"
"5475a612-fee1-430f-9638-b958740da503","e183fe1b-05a3-4a4b-a02b-cd955ceb20fc","Peony Studio Florist","florist","Standing Flower Ucapan","Papan bunga ucapan selamat untuk pernikahan, pembukaan usaha, atau belasungkawa, lengkap dengan kartu ucapan.","1200000.00","2","{""warna"":""Menyesuaikan jenis acara"",""ukuran"":""Tinggi 150-200 cm"",""fasilitas"":""Pengantaran dan pemasangan di lokasi, serta pengambilan kembali rangka setelah acara."",""bisa_custom"":""Ya, teks ucapan bebas"",""jenis_bunga"":""Krisan, anggrek, mawar"",""jenis_produk"":""Standing flower / papan bunga"",""estimasi_pengerjaan"":""1 hari""}"
"c12bac7f-16a7-43c6-b8e9-42f5ebb62bae","e183fe1b-05a3-4a4b-a02b-cd955ceb20fc","Peony Studio Florist","florist","Buket Pengantin","Buket tangan pengantin yang dirangkai sesuai warna gaun dan tema acara, dikerjakan sehari sebelum acara agar bunganya segar.","1500000.00","7","{""warna"":""Putih, nude, pastel, sesuai permintaan"",""ukuran"":""Diameter 25-35 cm"",""fasilitas"":""Konsultasi konsep, foto contoh rangkaian sebelum dikerjakan, dan pengiriman ke lokasi acara."",""bisa_custom"":""Ya, termasuk pilihan pita dan gagang"",""jenis_bunga"":""Mawar, peony, baby breath, eucalyptus"",""jenis_produk"":""Buket tangan pengantin"",""estimasi_pengerjaan"":""1-2 hari sebelum acara""}"
"2a6006ad-12f6-4c97-ab3b-f13bf3af28ce","e183fe1b-05a3-4a4b-a02b-cd955ceb20fc","Peony Studio Florist","florist","Dekorasi Meja Pelaminan","Rangkaian bunga untuk area pelaminan dan meja tamu, dipasang dan dibongkar oleh tim kami di hari acara.","3300000.00","21","{""warna"":""Mengikuti tema dekorasi"",""ukuran"":""Area pelaminan sampai 8 meter"",""fasilitas"":""Survei lokasi, gambar rancangan, pemasangan, penjagaan selama acara, dan pembongkaran."",""bisa_custom"":""Ya, dengan survei lokasi lebih dulu"",""jenis_bunga"":""Bunga segar impor dan lokal, dikombinasi"",""jenis_produk"":""Dekorasi bunga acara"",""estimasi_pengerjaan"":""Pemasangan H-1 atau pagi hari-H""}"
"01927057-68b5-4db0-a492-89aaf500c3ef","d712dc3e-c4a9-48b0-a4ef-9b01f474b088","Petal Paradise","florist","Buket Hadiah Wisuda","Buket ukuran sedang untuk hadiah wisuda atau ulang tahun, bisa dikirim langsung ke penerima dengan kartu ucapan.","300000.00","1","{""warna"":""Cerah atau pastel"",""ukuran"":""Diameter 20-25 cm"",""fasilitas"":""Kartu ucapan tulis tangan dan pengiriman ke alamat penerima di area Jabodetabek."",""bisa_custom"":""Ya, bisa dicampur buket snack"",""jenis_bunga"":""Mawar, matahari, baby breath"",""jenis_produk"":""Buket hadiah"",""estimasi_pengerjaan"":""Bisa hari yang sama""}"
"dae2123c-03f8-4730-b057-90bb0b8bad2d","d712dc3e-c4a9-48b0-a4ef-9b01f474b088","Petal Paradise","florist","Hand Bouquet Bridesmaid","Buket kecil seragam untuk bridesmaid, dirangkai senada dengan buket pengantin tapi dengan ukuran yang lebih ringkas.","350000.00","5","{""warna"":""Senada dengan gaun bridesmaid"",""ukuran"":""Diameter 15-20 cm"",""fasilitas"":""Pengiriman bersamaan dengan buket pengantin."",""bisa_custom"":""Ya, jumlah menyesuaikan"",""jenis_bunga"":""Mawar mini, baby breath, daun hias"",""jenis_produk"":""Buket bridesmaid"",""estimasi_pengerjaan"":""1-2 hari sebelum acara""}"
"8272541a-cc5d-4a22-8f23-5854715e1395","d712dc3e-c4a9-48b0-a4ef-9b01f474b088","Petal Paradise","florist","Standing Flower Ucapan","Papan bunga ucapan selamat untuk pernikahan, pembukaan usaha, atau belasungkawa, lengkap dengan kartu ucapan.","950000.00","2","{""warna"":""Menyesuaikan jenis acara"",""ukuran"":""Tinggi 150-200 cm"",""fasilitas"":""Pengantaran dan pemasangan di lokasi, serta pengambilan kembali rangka setelah acara."",""bisa_custom"":""Ya, teks ucapan bebas"",""jenis_bunga"":""Krisan, anggrek, mawar"",""jenis_produk"":""Standing flower / papan bunga"",""estimasi_pengerjaan"":""1 hari""}"
"1650b3ea-7ad6-4772-9cef-f785636f2559","d712dc3e-c4a9-48b0-a4ef-9b01f474b088","Petal Paradise","florist","Buket Pengantin","Buket tangan pengantin yang dirangkai sesuai warna gaun dan tema acara, dikerjakan sehari sebelum acara agar bunganya segar.","1200000.00","7","{""warna"":""Putih, nude, pastel, sesuai permintaan"",""ukuran"":""Diameter 25-35 cm"",""fasilitas"":""Konsultasi konsep, foto contoh rangkaian sebelum dikerjakan, dan pengiriman ke lokasi acara."",""bisa_custom"":""Ya, termasuk pilihan pita dan gagang"",""jenis_bunga"":""Mawar, peony, baby breath, eucalyptus"",""jenis_produk"":""Buket tangan pengantin"",""estimasi_pengerjaan"":""1-2 hari sebelum acara""}"
"fe80f55f-f83a-4cc8-8f61-c09df56a80b0","d712dc3e-c4a9-48b0-a4ef-9b01f474b088","Petal Paradise","florist","Dekorasi Meja Pelaminan","Rangkaian bunga untuk area pelaminan dan meja tamu, dipasang dan dibongkar oleh tim kami di hari acara.","2650000.00","21","{""warna"":""Mengikuti tema dekorasi"",""ukuran"":""Area pelaminan sampai 8 meter"",""fasilitas"":""Survei lokasi, gambar rancangan, pemasangan, penjagaan selama acara, dan pembongkaran."",""bisa_custom"":""Ya, dengan survei lokasi lebih dulu"",""jenis_bunga"":""Bunga segar impor dan lokal, dikombinasi"",""jenis_produk"":""Dekorasi bunga acara"",""estimasi_pengerjaan"":""Pemasangan H-1 atau pagi hari-H""}"
"f833ba73-311c-4892-bd12-6fc2b904fcfc","9bd2788e-5370-44da-95b8-cdf929ba9f7e","Rose Garden Studio","florist","Buket Hadiah Wisuda","Buket ukuran sedang untuk hadiah wisuda atau ulang tahun, bisa dikirim langsung ke penerima dengan kartu ucapan.","400000.00","1","{""warna"":""Cerah atau pastel"",""ukuran"":""Diameter 20-25 cm"",""fasilitas"":""Kartu ucapan tulis tangan dan pengiriman ke alamat penerima di area Jabodetabek."",""bisa_custom"":""Ya, bisa dicampur buket snack"",""jenis_bunga"":""Mawar, matahari, baby breath"",""jenis_produk"":""Buket hadiah"",""estimasi_pengerjaan"":""Bisa hari yang sama""}"
"895e33a0-6f6a-4d4b-8835-daf4918d1947","9bd2788e-5370-44da-95b8-cdf929ba9f7e","Rose Garden Studio","florist","Hand Bouquet Bridesmaid","Buket kecil seragam untuk bridesmaid, dirangkai senada dengan buket pengantin tapi dengan ukuran yang lebih ringkas.","450000.00","5","{""warna"":""Senada dengan gaun bridesmaid"",""ukuran"":""Diameter 15-20 cm"",""fasilitas"":""Pengiriman bersamaan dengan buket pengantin."",""bisa_custom"":""Ya, jumlah menyesuaikan"",""jenis_bunga"":""Mawar mini, baby breath, daun hias"",""jenis_produk"":""Buket bridesmaid"",""estimasi_pengerjaan"":""1-2 hari sebelum acara""}"
"d1a3066b-7827-4556-998f-6d09b907a31a","9bd2788e-5370-44da-95b8-cdf929ba9f7e","Rose Garden Studio","florist","Standing Flower Ucapan","Papan bunga ucapan selamat untuk pernikahan, pembukaan usaha, atau belasungkawa, lengkap dengan kartu ucapan.","1200000.00","2","{""warna"":""Menyesuaikan jenis acara"",""ukuran"":""Tinggi 150-200 cm"",""fasilitas"":""Pengantaran dan pemasangan di lokasi, serta pengambilan kembali rangka setelah acara."",""bisa_custom"":""Ya, teks ucapan bebas"",""jenis_bunga"":""Krisan, anggrek, mawar"",""jenis_produk"":""Standing flower / papan bunga"",""estimasi_pengerjaan"":""1 hari""}"
"6745dc1d-0e0e-47bc-8611-0883ba977f25","9bd2788e-5370-44da-95b8-cdf929ba9f7e","Rose Garden Studio","florist","Buket Pengantin","Buket tangan pengantin yang dirangkai sesuai warna gaun dan tema acara, dikerjakan sehari sebelum acara agar bunganya segar.","1500000.00","7","{""warna"":""Putih, nude, pastel, sesuai permintaan"",""ukuran"":""Diameter 25-35 cm"",""fasilitas"":""Konsultasi konsep, foto contoh rangkaian sebelum dikerjakan, dan pengiriman ke lokasi acara."",""bisa_custom"":""Ya, termasuk pilihan pita dan gagang"",""jenis_bunga"":""Mawar, peony, baby breath, eucalyptus"",""jenis_produk"":""Buket tangan pengantin"",""estimasi_pengerjaan"":""1-2 hari sebelum acara""}"
"8d8baea5-e9ff-4b48-a327-a63a148e914f","9bd2788e-5370-44da-95b8-cdf929ba9f7e","Rose Garden Studio","florist","Dekorasi Meja Pelaminan","Rangkaian bunga untuk area pelaminan dan meja tamu, dipasang dan dibongkar oleh tim kami di hari acara.","3300000.00","21","{""warna"":""Mengikuti tema dekorasi"",""ukuran"":""Area pelaminan sampai 8 meter"",""fasilitas"":""Survei lokasi, gambar rancangan, pemasangan, penjagaan selama acara, dan pembongkaran."",""bisa_custom"":""Ya, dengan survei lokasi lebih dulu"",""jenis_bunga"":""Bunga segar impor dan lokal, dikombinasi"",""jenis_produk"":""Dekorasi bunga acara"",""estimasi_pengerjaan"":""Pemasangan H-1 atau pagi hari-H""}"
"51b1f0ba-870a-48be-a21a-4038c262435c","36c497dc-a73e-4c45-9168-52bf8db31cdc","Taman Bunga Abadi","florist","Buket Hadiah Wisuda","Buket ukuran sedang untuk hadiah wisuda atau ulang tahun, bisa dikirim langsung ke penerima dengan kartu ucapan.","200000.00","1","{""warna"":""Cerah atau pastel"",""ukuran"":""Diameter 20-25 cm"",""fasilitas"":""Kartu ucapan tulis tangan dan pengiriman ke alamat penerima di area Jabodetabek."",""bisa_custom"":""Ya, bisa dicampur buket snack"",""jenis_bunga"":""Mawar, matahari, baby breath"",""jenis_produk"":""Buket hadiah"",""estimasi_pengerjaan"":""Bisa hari yang sama""}"
"37a5aef9-4f11-4602-ac7a-392ad2b3f5ae","36c497dc-a73e-4c45-9168-52bf8db31cdc","Taman Bunga Abadi","florist","Hand Bouquet Bridesmaid","Buket kecil seragam untuk bridesmaid, dirangkai senada dengan buket pengantin tapi dengan ukuran yang lebih ringkas.","250000.00","5","{""warna"":""Senada dengan gaun bridesmaid"",""ukuran"":""Diameter 15-20 cm"",""fasilitas"":""Pengiriman bersamaan dengan buket pengantin."",""bisa_custom"":""Ya, jumlah menyesuaikan"",""jenis_bunga"":""Mawar mini, baby breath, daun hias"",""jenis_produk"":""Buket bridesmaid"",""estimasi_pengerjaan"":""1-2 hari sebelum acara""}"
"5442fe9d-ba3a-443f-9b06-fdcc7858c6b6","36c497dc-a73e-4c45-9168-52bf8db31cdc","Taman Bunga Abadi","florist","Standing Flower Ucapan","Papan bunga ucapan selamat untuk pernikahan, pembukaan usaha, atau belasungkawa, lengkap dengan kartu ucapan.","650000.00","2","{""warna"":""Menyesuaikan jenis acara"",""ukuran"":""Tinggi 150-200 cm"",""fasilitas"":""Pengantaran dan pemasangan di lokasi, serta pengambilan kembali rangka setelah acara."",""bisa_custom"":""Ya, teks ucapan bebas"",""jenis_bunga"":""Krisan, anggrek, mawar"",""jenis_produk"":""Standing flower / papan bunga"",""estimasi_pengerjaan"":""1 hari""}"
"67539d78-6026-43c4-8fb7-df15e67a2ee3","36c497dc-a73e-4c45-9168-52bf8db31cdc","Taman Bunga Abadi","florist","Buket Pengantin","Buket tangan pengantin yang dirangkai sesuai warna gaun dan tema acara, dikerjakan sehari sebelum acara agar bunganya segar.","800000.00","7","{""warna"":""Putih, nude, pastel, sesuai permintaan"",""ukuran"":""Diameter 25-35 cm"",""fasilitas"":""Konsultasi konsep, foto contoh rangkaian sebelum dikerjakan, dan pengiriman ke lokasi acara."",""bisa_custom"":""Ya, termasuk pilihan pita dan gagang"",""jenis_bunga"":""Mawar, peony, baby breath, eucalyptus"",""jenis_produk"":""Buket tangan pengantin"",""estimasi_pengerjaan"":""1-2 hari sebelum acara""}"
"71c7b8b4-ecf2-4e4d-a165-97b963b2bfe2","36c497dc-a73e-4c45-9168-52bf8db31cdc","Taman Bunga Abadi","florist","Dekorasi Meja Pelaminan","Rangkaian bunga untuk area pelaminan dan meja tamu, dipasang dan dibongkar oleh tim kami di hari acara.","1750000.00","21","{""warna"":""Mengikuti tema dekorasi"",""ukuran"":""Area pelaminan sampai 8 meter"",""fasilitas"":""Survei lokasi, gambar rancangan, pemasangan, penjagaan selama acara, dan pembongkaran."",""bisa_custom"":""Ya, dengan survei lokasi lebih dulu"",""jenis_bunga"":""Bunga segar impor dan lokal, dikombinasi"",""jenis_produk"":""Dekorasi bunga acara"",""estimasi_pengerjaan"":""Pemasangan H-1 atau pagi hari-H""}"
"844ac05e-81fb-4c02-b2b5-fac0c965d66a","05de7b7f-2f9d-4195-967d-2bc51993b724","Batik & Kebaya Studio","attire_rental","Kebaya Keluarga & Ibu","Kebaya untuk orang tua dan keluarga inti, tersedia dalam set seragam beberapa potong dengan kain senada.","250000.00","14","{""model"":""Kutubaru dan kebaya encim"",""warna"":""Maroon, navy, emas, hijau botol"",""ukuran"":""M sampai XXXL"",""fasilitas"":""Kain batik senada, fitting, dan permak ringan."",""ketentuan"":""Pemesanan set seragam minimal empat potong disarankan memesan lebih awal karena stok warna terbatas."",""durasi_sewa"":""3 hari"",""jenis_pakaian"":""Kebaya keluarga""}"
"509f4122-012f-47be-9e83-67af8e404422","05de7b7f-2f9d-4195-967d-2bc51993b724","Batik & Kebaya Studio","attire_rental","Beskap Adat Jawa","Beskap lengkap dengan blangkon, keris imitasi, dan jarik untuk prosesi pernikahan adat.","350000.00","21","{""model"":""Solo dan Yogyakarta"",""warna"":""Hitam, navy, dan gading"",""ukuran"":""M sampai XXL"",""fasilitas"":""Blangkon, jarik, stagen, keris imitasi, dan bantuan pemakaian di hari acara."",""ketentuan"":""Perlengkapan adat dihitung satu set, tidak disewakan terpisah."",""durasi_sewa"":""3 hari"",""jenis_pakaian"":""Beskap adat Jawa""}"
"cb17bbfa-1467-4e26-9a27-020d52d8a1c9","05de7b7f-2f9d-4195-967d-2bc51993b724","Batik & Kebaya Studio","attire_rental","Jas Pengantin Pria","Setelan jas pengantin lengkap dengan kemeja, dasi atau bowtie, dan sepatu bila dibutuhkan.","500000.00","21","{""model"":""Tuxedo, slim fit, tiga potong"",""warna"":""Hitam, navy, abu, putih gading"",""ukuran"":""44 sampai 56"",""fasilitas"":""Fitting dan permak, kemeja, dasi kupu-kupu, saku tangan, dan cuci setelah pemakaian."",""ketentuan"":""Permak permanen tidak dilakukan pada koleksi sewa. Deposit ditahan sampai pakaian dikembalikan."",""durasi_sewa"":""3 hari"",""jenis_pakaian"":""Jas pengantin pria""}"
"aeb01348-dcfd-4638-b34c-ab4ee213296e","05de7b7f-2f9d-4195-967d-2bc51993b724","Batik & Kebaya Studio","attire_rental","Gaun Malam Gala","Gaun panjang untuk gala dinner atau acara resmi perusahaan, tersedia beberapa potongan dan panjang.","550000.00","14","{""model"":""A-line, mermaid, off-shoulder"",""warna"":""Hitam, merah marun, emas, biru malam"",""ukuran"":""S sampai XL"",""fasilitas"":""Fitting, permak ringan, dan cuci setelah pemakaian."",""ketentuan"":""Noda permanen atau sobek dikenakan biaya perbaikan sesuai kerusakan."",""durasi_sewa"":""2 hari"",""jenis_pakaian"":""Gaun malam""}"
"cfd280fb-0d0d-44cb-aef3-ff840068a82b","05de7b7f-2f9d-4195-967d-2bc51993b724","Batik & Kebaya Studio","attire_rental","Kebaya Pengantin Modern","Kebaya pengantin dengan payet kerja tangan, disewakan bersama kain, selop, dan perlengkapan pelengkapnya.","600000.00","30","{""model"":""Modern, brokat payet, lengan panjang"",""warna"":""Putih, broken white, gading, dusty pink"",""ukuran"":""S sampai XXL, bisa dipermak"",""fasilitas"":""Dua kali fitting, permak menyesuaikan badan, kain dan selop, serta cuci setelah pemakaian."",""ketentuan"":""Deposit dikembalikan penuh bila pakaian kembali tanpa kerusakan. Keterlambatan pengembalian dikenakan biaya harian."",""durasi_sewa"":""3 hari (H-1 sampai H+1)"",""jenis_pakaian"":""Kebaya pengantin""}"
"3f2b88bd-4da3-4625-89cb-9e3bb3a18605","b3b29c49-36f5-426f-80c0-1a0c05f59e56","Duta Pakaian Formal","attire_rental","Kebaya Keluarga & Ibu","Kebaya untuk orang tua dan keluarga inti, tersedia dalam set seragam beberapa potong dengan kain senada.","350000.00","14","{""model"":""Kutubaru dan kebaya encim"",""warna"":""Maroon, navy, emas, hijau botol"",""ukuran"":""M sampai XXXL"",""fasilitas"":""Kain batik senada, fitting, dan permak ringan."",""ketentuan"":""Pemesanan set seragam minimal empat potong disarankan memesan lebih awal karena stok warna terbatas."",""durasi_sewa"":""3 hari"",""jenis_pakaian"":""Kebaya keluarga""}"
"3e8cb498-d605-4ebc-88a7-7a0ce67dff1a","b3b29c49-36f5-426f-80c0-1a0c05f59e56","Duta Pakaian Formal","attire_rental","Beskap Adat Jawa","Beskap lengkap dengan blangkon, keris imitasi, dan jarik untuk prosesi pernikahan adat.","500000.00","21","{""model"":""Solo dan Yogyakarta"",""warna"":""Hitam, navy, dan gading"",""ukuran"":""M sampai XXL"",""fasilitas"":""Blangkon, jarik, stagen, keris imitasi, dan bantuan pemakaian di hari acara."",""ketentuan"":""Perlengkapan adat dihitung satu set, tidak disewakan terpisah."",""durasi_sewa"":""3 hari"",""jenis_pakaian"":""Beskap adat Jawa""}"
"3fae75df-b65d-4320-be6a-7988633922a3","b3b29c49-36f5-426f-80c0-1a0c05f59e56","Duta Pakaian Formal","attire_rental","Jas Pengantin Pria","Setelan jas pengantin lengkap dengan kemeja, dasi atau bowtie, dan sepatu bila dibutuhkan.","650000.00","21","{""model"":""Tuxedo, slim fit, tiga potong"",""warna"":""Hitam, navy, abu, putih gading"",""ukuran"":""44 sampai 56"",""fasilitas"":""Fitting dan permak, kemeja, dasi kupu-kupu, saku tangan, dan cuci setelah pemakaian."",""ketentuan"":""Permak permanen tidak dilakukan pada koleksi sewa. Deposit ditahan sampai pakaian dikembalikan."",""durasi_sewa"":""3 hari"",""jenis_pakaian"":""Jas pengantin pria""}"
"58cf2e17-1c4d-458b-9812-b5175e5b73d8","b3b29c49-36f5-426f-80c0-1a0c05f59e56","Duta Pakaian Formal","attire_rental","Gaun Malam Gala","Gaun panjang untuk gala dinner atau acara resmi perusahaan, tersedia beberapa potongan dan panjang.","700000.00","14","{""model"":""A-line, mermaid, off-shoulder"",""warna"":""Hitam, merah marun, emas, biru malam"",""ukuran"":""S sampai XL"",""fasilitas"":""Fitting, permak ringan, dan cuci setelah pemakaian."",""ketentuan"":""Noda permanen atau sobek dikenakan biaya perbaikan sesuai kerusakan."",""durasi_sewa"":""2 hari"",""jenis_pakaian"":""Gaun malam""}"
"9747948b-27e7-431f-89d2-9077eb0fcf89","b3b29c49-36f5-426f-80c0-1a0c05f59e56","Duta Pakaian Formal","attire_rental","Kebaya Pengantin Modern","Kebaya pengantin dengan payet kerja tangan, disewakan bersama kain, selop, dan perlengkapan pelengkapnya.","800000.00","30","{""model"":""Modern, brokat payet, lengan panjang"",""warna"":""Putih, broken white, gading, dusty pink"",""ukuran"":""S sampai XXL, bisa dipermak"",""fasilitas"":""Dua kali fitting, permak menyesuaikan badan, kain dan selop, serta cuci setelah pemakaian."",""ketentuan"":""Deposit dikembalikan penuh bila pakaian kembali tanpa kerusakan. Keterlambatan pengembalian dikenakan biaya harian."",""durasi_sewa"":""3 hari (H-1 sampai H+1)"",""jenis_pakaian"":""Kebaya pengantin""}"
"44b2ea08-2ea7-4f83-bb0e-49dd0b8ecad4","8ee989ff-489c-4e3a-a2bb-6992c6dbc1ab","Elegant Suit House","attire_rental","Kebaya Keluarga & Ibu","Kebaya untuk orang tua dan keluarga inti, tersedia dalam set seragam beberapa potong dengan kain senada.","300000.00","14","{""model"":""Kutubaru dan kebaya encim"",""warna"":""Maroon, navy, emas, hijau botol"",""ukuran"":""M sampai XXXL"",""fasilitas"":""Kain batik senada, fitting, dan permak ringan."",""ketentuan"":""Pemesanan set seragam minimal empat potong disarankan memesan lebih awal karena stok warna terbatas."",""durasi_sewa"":""3 hari"",""jenis_pakaian"":""Kebaya keluarga""}"
"573ae910-2d90-4830-bcb5-56b28635d349","8ee989ff-489c-4e3a-a2bb-6992c6dbc1ab","Elegant Suit House","attire_rental","Beskap Adat Jawa","Beskap lengkap dengan blangkon, keris imitasi, dan jarik untuk prosesi pernikahan adat.","400000.00","21","{""model"":""Solo dan Yogyakarta"",""warna"":""Hitam, navy, dan gading"",""ukuran"":""M sampai XXL"",""fasilitas"":""Blangkon, jarik, stagen, keris imitasi, dan bantuan pemakaian di hari acara."",""ketentuan"":""Perlengkapan adat dihitung satu set, tidak disewakan terpisah."",""durasi_sewa"":""3 hari"",""jenis_pakaian"":""Beskap adat Jawa""}"
"a5f16f4c-2cca-4b37-953c-8a476bdeca88","8ee989ff-489c-4e3a-a2bb-6992c6dbc1ab","Elegant Suit House","attire_rental","Jas Pengantin Pria","Setelan jas pengantin lengkap dengan kemeja, dasi atau bowtie, dan sepatu bila dibutuhkan.","550000.00","21","{""model"":""Tuxedo, slim fit, tiga potong"",""warna"":""Hitam, navy, abu, putih gading"",""ukuran"":""44 sampai 56"",""fasilitas"":""Fitting dan permak, kemeja, dasi kupu-kupu, saku tangan, dan cuci setelah pemakaian."",""ketentuan"":""Permak permanen tidak dilakukan pada koleksi sewa. Deposit ditahan sampai pakaian dikembalikan."",""durasi_sewa"":""3 hari"",""jenis_pakaian"":""Jas pengantin pria""}"
"a739928b-ca00-46e0-a132-b930a51deb03","8ee989ff-489c-4e3a-a2bb-6992c6dbc1ab","Elegant Suit House","attire_rental","Gaun Malam Gala","Gaun panjang untuk gala dinner atau acara resmi perusahaan, tersedia beberapa potongan dan panjang.","650000.00","14","{""model"":""A-line, mermaid, off-shoulder"",""warna"":""Hitam, merah marun, emas, biru malam"",""ukuran"":""S sampai XL"",""fasilitas"":""Fitting, permak ringan, dan cuci setelah pemakaian."",""ketentuan"":""Noda permanen atau sobek dikenakan biaya perbaikan sesuai kerusakan."",""durasi_sewa"":""2 hari"",""jenis_pakaian"":""Gaun malam""}"
"90d66d13-8879-4193-9689-b51248977246","8ee989ff-489c-4e3a-a2bb-6992c6dbc1ab","Elegant Suit House","attire_rental","Kebaya Pengantin Modern","Kebaya pengantin dengan payet kerja tangan, disewakan bersama kain, selop, dan perlengkapan pelengkapnya.","700000.00","30","{""model"":""Modern, brokat payet, lengan panjang"",""warna"":""Putih, broken white, gading, dusty pink"",""ukuran"":""S sampai XXL, bisa dipermak"",""fasilitas"":""Dua kali fitting, permak menyesuaikan badan, kain dan selop, serta cuci setelah pemakaian."",""ketentuan"":""Deposit dikembalikan penuh bila pakaian kembali tanpa kerusakan. Keterlambatan pengembalian dikenakan biaya harian."",""durasi_sewa"":""3 hari (H-1 sampai H+1)"",""jenis_pakaian"":""Kebaya pengantin""}"
"3e06ee9f-99ce-4831-a8ca-7c67bf410053","ba79d1d1-283f-4fd4-9918-787a6893cc5d","Formal Fashion Studio","attire_rental","Kebaya Keluarga & Ibu","Kebaya untuk orang tua dan keluarga inti, tersedia dalam set seragam beberapa potong dengan kain senada.","550000.00","14","{""model"":""Kutubaru dan kebaya encim"",""warna"":""Maroon, navy, emas, hijau botol"",""ukuran"":""M sampai XXXL"",""fasilitas"":""Kain batik senada, fitting, dan permak ringan."",""ketentuan"":""Pemesanan set seragam minimal empat potong disarankan memesan lebih awal karena stok warna terbatas."",""durasi_sewa"":""3 hari"",""jenis_pakaian"":""Kebaya keluarga""}"
"6e713ecd-ccb5-4cba-9dd5-1637df055dbd","ba79d1d1-283f-4fd4-9918-787a6893cc5d","Formal Fashion Studio","attire_rental","Beskap Adat Jawa","Beskap lengkap dengan blangkon, keris imitasi, dan jarik untuk prosesi pernikahan adat.","700000.00","21","{""model"":""Solo dan Yogyakarta"",""warna"":""Hitam, navy, dan gading"",""ukuran"":""M sampai XXL"",""fasilitas"":""Blangkon, jarik, stagen, keris imitasi, dan bantuan pemakaian di hari acara."",""ketentuan"":""Perlengkapan adat dihitung satu set, tidak disewakan terpisah."",""durasi_sewa"":""3 hari"",""jenis_pakaian"":""Beskap adat Jawa""}"
"9cf66207-a4dd-4fea-83cd-25a576cdd264","ba79d1d1-283f-4fd4-9918-787a6893cc5d","Formal Fashion Studio","attire_rental","Jas Pengantin Pria","Setelan jas pengantin lengkap dengan kemeja, dasi atau bowtie, dan sepatu bila dibutuhkan.","950000.00","21","{""model"":""Tuxedo, slim fit, tiga potong"",""warna"":""Hitam, navy, abu, putih gading"",""ukuran"":""44 sampai 56"",""fasilitas"":""Fitting dan permak, kemeja, dasi kupu-kupu, saku tangan, dan cuci setelah pemakaian."",""ketentuan"":""Permak permanen tidak dilakukan pada koleksi sewa. Deposit ditahan sampai pakaian dikembalikan."",""durasi_sewa"":""3 hari"",""jenis_pakaian"":""Jas pengantin pria""}"
"3b523f67-2b7b-4ce8-8bc8-d72401ac7262","ba79d1d1-283f-4fd4-9918-787a6893cc5d","Formal Fashion Studio","attire_rental","Gaun Malam Gala","Gaun panjang untuk gala dinner atau acara resmi perusahaan, tersedia beberapa potongan dan panjang.","1100000.00","14","{""model"":""A-line, mermaid, off-shoulder"",""warna"":""Hitam, merah marun, emas, biru malam"",""ukuran"":""S sampai XL"",""fasilitas"":""Fitting, permak ringan, dan cuci setelah pemakaian."",""ketentuan"":""Noda permanen atau sobek dikenakan biaya perbaikan sesuai kerusakan."",""durasi_sewa"":""2 hari"",""jenis_pakaian"":""Gaun malam""}"
"cabba20c-47d7-4dd4-88d0-4b55f6d3ec34","ba79d1d1-283f-4fd4-9918-787a6893cc5d","Formal Fashion Studio","attire_rental","Kebaya Pengantin Modern","Kebaya pengantin dengan payet kerja tangan, disewakan bersama kain, selop, dan perlengkapan pelengkapnya.","1200000.00","30","{""model"":""Modern, brokat payet, lengan panjang"",""warna"":""Putih, broken white, gading, dusty pink"",""ukuran"":""S sampai XXL, bisa dipermak"",""fasilitas"":""Dua kali fitting, permak menyesuaikan badan, kain dan selop, serta cuci setelah pemakaian."",""ketentuan"":""Deposit dikembalikan penuh bila pakaian kembali tanpa kerusakan. Keterlambatan pengembalian dikenakan biaya harian."",""durasi_sewa"":""3 hari (H-1 sampai H+1)"",""jenis_pakaian"":""Kebaya pengantin""}"
"586454f0-2557-48b5-b4d8-a79258175f4b","900e5557-7bfc-4400-a745-a8313bbdffb2","Griya Busana Formal","attire_rental","Kebaya Keluarga & Ibu","Kebaya untuk orang tua dan keluarga inti, tersedia dalam set seragam beberapa potong dengan kain senada.","250000.00","14","{""model"":""Kutubaru dan kebaya encim"",""warna"":""Maroon, navy, emas, hijau botol"",""ukuran"":""M sampai XXXL"",""fasilitas"":""Kain batik senada, fitting, dan permak ringan."",""ketentuan"":""Pemesanan set seragam minimal empat potong disarankan memesan lebih awal karena stok warna terbatas."",""durasi_sewa"":""3 hari"",""jenis_pakaian"":""Kebaya keluarga""}"
"1d4d7fb9-b62a-495f-b450-a0fdf20d157b","900e5557-7bfc-4400-a745-a8313bbdffb2","Griya Busana Formal","attire_rental","Beskap Adat Jawa","Beskap lengkap dengan blangkon, keris imitasi, dan jarik untuk prosesi pernikahan adat.","300000.00","21","{""model"":""Solo dan Yogyakarta"",""warna"":""Hitam, navy, dan gading"",""ukuran"":""M sampai XXL"",""fasilitas"":""Blangkon, jarik, stagen, keris imitasi, dan bantuan pemakaian di hari acara."",""ketentuan"":""Perlengkapan adat dihitung satu set, tidak disewakan terpisah."",""durasi_sewa"":""3 hari"",""jenis_pakaian"":""Beskap adat Jawa""}"
"a8980bf9-bd62-4172-95c5-cd813d28f24f","900e5557-7bfc-4400-a745-a8313bbdffb2","Griya Busana Formal","attire_rental","Jas Pengantin Pria","Setelan jas pengantin lengkap dengan kemeja, dasi atau bowtie, dan sepatu bila dibutuhkan.","400000.00","21","{""model"":""Tuxedo, slim fit, tiga potong"",""warna"":""Hitam, navy, abu, putih gading"",""ukuran"":""44 sampai 56"",""fasilitas"":""Fitting dan permak, kemeja, dasi kupu-kupu, saku tangan, dan cuci setelah pemakaian."",""ketentuan"":""Permak permanen tidak dilakukan pada koleksi sewa. Deposit ditahan sampai pakaian dikembalikan."",""durasi_sewa"":""3 hari"",""jenis_pakaian"":""Jas pengantin pria""}"
"d889766a-01b8-4d57-8bf6-d1d00e5e4be3","900e5557-7bfc-4400-a745-a8313bbdffb2","Griya Busana Formal","attire_rental","Gaun Malam Gala","Gaun panjang untuk gala dinner atau acara resmi perusahaan, tersedia beberapa potongan dan panjang.","450000.00","14","{""model"":""A-line, mermaid, off-shoulder"",""warna"":""Hitam, merah marun, emas, biru malam"",""ukuran"":""S sampai XL"",""fasilitas"":""Fitting, permak ringan, dan cuci setelah pemakaian."",""ketentuan"":""Noda permanen atau sobek dikenakan biaya perbaikan sesuai kerusakan."",""durasi_sewa"":""2 hari"",""jenis_pakaian"":""Gaun malam""}"
"b5f4272e-d0e5-4af8-af93-61e3f74f2d53","900e5557-7bfc-4400-a745-a8313bbdffb2","Griya Busana Formal","attire_rental","Kebaya Pengantin Modern","Kebaya pengantin dengan payet kerja tangan, disewakan bersama kain, selop, dan perlengkapan pelengkapnya.","500000.00","30","{""model"":""Modern, brokat payet, lengan panjang"",""warna"":""Putih, broken white, gading, dusty pink"",""ukuran"":""S sampai XXL, bisa dipermak"",""fasilitas"":""Dua kali fitting, permak menyesuaikan badan, kain dan selop, serta cuci setelah pemakaian."",""ketentuan"":""Deposit dikembalikan penuh bila pakaian kembali tanpa kerusakan. Keterlambatan pengembalian dikenakan biaya harian."",""durasi_sewa"":""3 hari (H-1 sampai H+1)"",""jenis_pakaian"":""Kebaya pengantin""}"
"641e9906-2a8d-4c45-9bda-219d8b16800d","56e863a9-ed21-44b0-a76a-5a3033adf7cb","Heritage Attire","attire_rental","Kebaya Keluarga & Ibu","Kebaya untuk orang tua dan keluarga inti, tersedia dalam set seragam beberapa potong dengan kain senada.","400000.00","14","{""model"":""Kutubaru dan kebaya encim"",""warna"":""Maroon, navy, emas, hijau botol"",""ukuran"":""M sampai XXXL"",""fasilitas"":""Kain batik senada, fitting, dan permak ringan."",""ketentuan"":""Pemesanan set seragam minimal empat potong disarankan memesan lebih awal karena stok warna terbatas."",""durasi_sewa"":""3 hari"",""jenis_pakaian"":""Kebaya keluarga""}"
"7c171f73-5579-41a6-a0e2-7ff7adfca81a","56e863a9-ed21-44b0-a76a-5a3033adf7cb","Heritage Attire","attire_rental","Beskap Adat Jawa","Beskap lengkap dengan blangkon, keris imitasi, dan jarik untuk prosesi pernikahan adat.","550000.00","21","{""model"":""Solo dan Yogyakarta"",""warna"":""Hitam, navy, dan gading"",""ukuran"":""M sampai XXL"",""fasilitas"":""Blangkon, jarik, stagen, keris imitasi, dan bantuan pemakaian di hari acara."",""ketentuan"":""Perlengkapan adat dihitung satu set, tidak disewakan terpisah."",""durasi_sewa"":""3 hari"",""jenis_pakaian"":""Beskap adat Jawa""}"
"beaca4e3-4908-40fc-ad63-853cb3484384","56e863a9-ed21-44b0-a76a-5a3033adf7cb","Heritage Attire","attire_rental","Jas Pengantin Pria","Setelan jas pengantin lengkap dengan kemeja, dasi atau bowtie, dan sepatu bila dibutuhkan.","700000.00","21","{""model"":""Tuxedo, slim fit, tiga potong"",""warna"":""Hitam, navy, abu, putih gading"",""ukuran"":""44 sampai 56"",""fasilitas"":""Fitting dan permak, kemeja, dasi kupu-kupu, saku tangan, dan cuci setelah pemakaian."",""ketentuan"":""Permak permanen tidak dilakukan pada koleksi sewa. Deposit ditahan sampai pakaian dikembalikan."",""durasi_sewa"":""3 hari"",""jenis_pakaian"":""Jas pengantin pria""}"
"f1074236-582b-4401-8ee7-ea3ff1a34f57","56e863a9-ed21-44b0-a76a-5a3033adf7cb","Heritage Attire","attire_rental","Gaun Malam Gala","Gaun panjang untuk gala dinner atau acara resmi perusahaan, tersedia beberapa potongan dan panjang.","800000.00","14","{""model"":""A-line, mermaid, off-shoulder"",""warna"":""Hitam, merah marun, emas, biru malam"",""ukuran"":""S sampai XL"",""fasilitas"":""Fitting, permak ringan, dan cuci setelah pemakaian."",""ketentuan"":""Noda permanen atau sobek dikenakan biaya perbaikan sesuai kerusakan."",""durasi_sewa"":""2 hari"",""jenis_pakaian"":""Gaun malam""}"
"6c24bc53-b90e-4ead-acb6-1284f507d740","56e863a9-ed21-44b0-a76a-5a3033adf7cb","Heritage Attire","attire_rental","Kebaya Pengantin Modern","Kebaya pengantin dengan payet kerja tangan, disewakan bersama kain, selop, dan perlengkapan pelengkapnya.","900000.00","30","{""model"":""Modern, brokat payet, lengan panjang"",""warna"":""Putih, broken white, gading, dusty pink"",""ukuran"":""S sampai XXL, bisa dipermak"",""fasilitas"":""Dua kali fitting, permak menyesuaikan badan, kain dan selop, serta cuci setelah pemakaian."",""ketentuan"":""Deposit dikembalikan penuh bila pakaian kembali tanpa kerusakan. Keterlambatan pengembalian dikenakan biaya harian."",""durasi_sewa"":""3 hari (H-1 sampai H+1)"",""jenis_pakaian"":""Kebaya pengantin""}"
"c83e94ad-e415-40fa-a54b-693cb9afeb36","dc20d001-d125-4426-aa00-8a45193d7e46","Imperial Fashion House","attire_rental","Kebaya Keluarga & Ibu","Kebaya untuk orang tua dan keluarga inti, tersedia dalam set seragam beberapa potong dengan kain senada.","700000.00","14","{""model"":""Kutubaru dan kebaya encim"",""warna"":""Maroon, navy, emas, hijau botol"",""ukuran"":""M sampai XXXL"",""fasilitas"":""Kain batik senada, fitting, dan permak ringan."",""ketentuan"":""Pemesanan set seragam minimal empat potong disarankan memesan lebih awal karena stok warna terbatas."",""durasi_sewa"":""3 hari"",""jenis_pakaian"":""Kebaya keluarga""}"
"89440bd1-24c2-4b98-a967-d8a0b4cf6548","dc20d001-d125-4426-aa00-8a45193d7e46","Imperial Fashion House","attire_rental","Beskap Adat Jawa","Beskap lengkap dengan blangkon, keris imitasi, dan jarik untuk prosesi pernikahan adat.","900000.00","21","{""model"":""Solo dan Yogyakarta"",""warna"":""Hitam, navy, dan gading"",""ukuran"":""M sampai XXL"",""fasilitas"":""Blangkon, jarik, stagen, keris imitasi, dan bantuan pemakaian di hari acara."",""ketentuan"":""Perlengkapan adat dihitung satu set, tidak disewakan terpisah."",""durasi_sewa"":""3 hari"",""jenis_pakaian"":""Beskap adat Jawa""}"
"c9a9dede-be8f-481b-be44-ca5451828657","dc20d001-d125-4426-aa00-8a45193d7e46","Imperial Fashion House","attire_rental","Jas Pengantin Pria","Setelan jas pengantin lengkap dengan kemeja, dasi atau bowtie, dan sepatu bila dibutuhkan.","1200000.00","21","{""model"":""Tuxedo, slim fit, tiga potong"",""warna"":""Hitam, navy, abu, putih gading"",""ukuran"":""44 sampai 56"",""fasilitas"":""Fitting dan permak, kemeja, dasi kupu-kupu, saku tangan, dan cuci setelah pemakaian."",""ketentuan"":""Permak permanen tidak dilakukan pada koleksi sewa. Deposit ditahan sampai pakaian dikembalikan."",""durasi_sewa"":""3 hari"",""jenis_pakaian"":""Jas pengantin pria""}"
"0d9b46e9-5567-4ea5-8856-e5435691dd00","dc20d001-d125-4426-aa00-8a45193d7e46","Imperial Fashion House","attire_rental","Gaun Malam Gala","Gaun panjang untuk gala dinner atau acara resmi perusahaan, tersedia beberapa potongan dan panjang.","1350000.00","14","{""model"":""A-line, mermaid, off-shoulder"",""warna"":""Hitam, merah marun, emas, biru malam"",""ukuran"":""S sampai XL"",""fasilitas"":""Fitting, permak ringan, dan cuci setelah pemakaian."",""ketentuan"":""Noda permanen atau sobek dikenakan biaya perbaikan sesuai kerusakan."",""durasi_sewa"":""2 hari"",""jenis_pakaian"":""Gaun malam""}"
"5de2bb0c-6dde-4920-95c9-03bc2bf1a90c","dc20d001-d125-4426-aa00-8a45193d7e46","Imperial Fashion House","attire_rental","Kebaya Pengantin Modern","Kebaya pengantin dengan payet kerja tangan, disewakan bersama kain, selop, dan perlengkapan pelengkapnya.","1500000.00","30","{""model"":""Modern, brokat payet, lengan panjang"",""warna"":""Putih, broken white, gading, dusty pink"",""ukuran"":""S sampai XXL, bisa dipermak"",""fasilitas"":""Dua kali fitting, permak menyesuaikan badan, kain dan selop, serta cuci setelah pemakaian."",""ketentuan"":""Deposit dikembalikan penuh bila pakaian kembali tanpa kerusakan. Keterlambatan pengembalian dikenakan biaya harian."",""durasi_sewa"":""3 hari (H-1 sampai H+1)"",""jenis_pakaian"":""Kebaya pengantin""}"
"86976c4e-60d1-44f4-8900-f237f52220ac","62c4d04a-66e0-4dee-97e4-aeeabf59775b","Jaya Busana Formal","attire_rental","Kebaya Keluarga & Ibu","Kebaya untuk orang tua dan keluarga inti, tersedia dalam set seragam beberapa potong dengan kain senada.","300000.00","14","{""model"":""Kutubaru dan kebaya encim"",""warna"":""Maroon, navy, emas, hijau botol"",""ukuran"":""M sampai XXXL"",""fasilitas"":""Kain batik senada, fitting, dan permak ringan."",""ketentuan"":""Pemesanan set seragam minimal empat potong disarankan memesan lebih awal karena stok warna terbatas."",""durasi_sewa"":""3 hari"",""jenis_pakaian"":""Kebaya keluarga""}"
"ec4ec4a2-298c-4b5f-9b8c-edcd103d5ee3","62c4d04a-66e0-4dee-97e4-aeeabf59775b","Jaya Busana Formal","attire_rental","Beskap Adat Jawa","Beskap lengkap dengan blangkon, keris imitasi, dan jarik untuk prosesi pernikahan adat.","400000.00","21","{""model"":""Solo dan Yogyakarta"",""warna"":""Hitam, navy, dan gading"",""ukuran"":""M sampai XXL"",""fasilitas"":""Blangkon, jarik, stagen, keris imitasi, dan bantuan pemakaian di hari acara."",""ketentuan"":""Perlengkapan adat dihitung satu set, tidak disewakan terpisah."",""durasi_sewa"":""3 hari"",""jenis_pakaian"":""Beskap adat Jawa""}"
"ff57b3ee-7538-43af-a20c-25825ee64ce5","62c4d04a-66e0-4dee-97e4-aeeabf59775b","Jaya Busana Formal","attire_rental","Jas Pengantin Pria","Setelan jas pengantin lengkap dengan kemeja, dasi atau bowtie, dan sepatu bila dibutuhkan.","500000.00","21","{""model"":""Tuxedo, slim fit, tiga potong"",""warna"":""Hitam, navy, abu, putih gading"",""ukuran"":""44 sampai 56"",""fasilitas"":""Fitting dan permak, kemeja, dasi kupu-kupu, saku tangan, dan cuci setelah pemakaian."",""ketentuan"":""Permak permanen tidak dilakukan pada koleksi sewa. Deposit ditahan sampai pakaian dikembalikan."",""durasi_sewa"":""3 hari"",""jenis_pakaian"":""Jas pengantin pria""}"
"181cf574-edb0-45d2-af0f-b85c8d5cf340","62c4d04a-66e0-4dee-97e4-aeeabf59775b","Jaya Busana Formal","attire_rental","Gaun Malam Gala","Gaun panjang untuk gala dinner atau acara resmi perusahaan, tersedia beberapa potongan dan panjang.","600000.00","14","{""model"":""A-line, mermaid, off-shoulder"",""warna"":""Hitam, merah marun, emas, biru malam"",""ukuran"":""S sampai XL"",""fasilitas"":""Fitting, permak ringan, dan cuci setelah pemakaian."",""ketentuan"":""Noda permanen atau sobek dikenakan biaya perbaikan sesuai kerusakan."",""durasi_sewa"":""2 hari"",""jenis_pakaian"":""Gaun malam""}"
"c2b9cd30-ac1c-4790-9d48-c070404573ca","62c4d04a-66e0-4dee-97e4-aeeabf59775b","Jaya Busana Formal","attire_rental","Kebaya Pengantin Modern","Kebaya pengantin dengan payet kerja tangan, disewakan bersama kain, selop, dan perlengkapan pelengkapnya.","650000.00","30","{""model"":""Modern, brokat payet, lengan panjang"",""warna"":""Putih, broken white, gading, dusty pink"",""ukuran"":""S sampai XXL, bisa dipermak"",""fasilitas"":""Dua kali fitting, permak menyesuaikan badan, kain dan selop, serta cuci setelah pemakaian."",""ketentuan"":""Deposit dikembalikan penuh bila pakaian kembali tanpa kerusakan. Keterlambatan pengembalian dikenakan biaya harian."",""durasi_sewa"":""3 hari (H-1 sampai H+1)"",""jenis_pakaian"":""Kebaya pengantin""}"
"e134a6f8-ded2-4602-949b-0c447dafa346","3925e295-8ff8-4d11-ad6c-7e59afeac2f8","Kebaya Cantik Studio","attire_rental","Kebaya Keluarga & Ibu","Kebaya untuk orang tua dan keluarga inti, tersedia dalam set seragam beberapa potong dengan kain senada.","500000.00","14","{""model"":""Kutubaru dan kebaya encim"",""warna"":""Maroon, navy, emas, hijau botol"",""ukuran"":""M sampai XXXL"",""fasilitas"":""Kain batik senada, fitting, dan permak ringan."",""ketentuan"":""Pemesanan set seragam minimal empat potong disarankan memesan lebih awal karena stok warna terbatas."",""durasi_sewa"":""3 hari"",""jenis_pakaian"":""Kebaya keluarga""}"
"8fda0a3f-470b-477c-81d1-6ec87071533f","3925e295-8ff8-4d11-ad6c-7e59afeac2f8","Kebaya Cantik Studio","attire_rental","Beskap Adat Jawa","Beskap lengkap dengan blangkon, keris imitasi, dan jarik untuk prosesi pernikahan adat.","650000.00","21","{""model"":""Solo dan Yogyakarta"",""warna"":""Hitam, navy, dan gading"",""ukuran"":""M sampai XXL"",""fasilitas"":""Blangkon, jarik, stagen, keris imitasi, dan bantuan pemakaian di hari acara."",""ketentuan"":""Perlengkapan adat dihitung satu set, tidak disewakan terpisah."",""durasi_sewa"":""3 hari"",""jenis_pakaian"":""Beskap adat Jawa""}"
"9d5a316c-3bc5-401d-9ada-655854dccf2f","3925e295-8ff8-4d11-ad6c-7e59afeac2f8","Kebaya Cantik Studio","attire_rental","Jas Pengantin Pria","Setelan jas pengantin lengkap dengan kemeja, dasi atau bowtie, dan sepatu bila dibutuhkan.","900000.00","21","{""model"":""Tuxedo, slim fit, tiga potong"",""warna"":""Hitam, navy, abu, putih gading"",""ukuran"":""44 sampai 56"",""fasilitas"":""Fitting dan permak, kemeja, dasi kupu-kupu, saku tangan, dan cuci setelah pemakaian."",""ketentuan"":""Permak permanen tidak dilakukan pada koleksi sewa. Deposit ditahan sampai pakaian dikembalikan."",""durasi_sewa"":""3 hari"",""jenis_pakaian"":""Jas pengantin pria""}"
"e4b65b85-12a0-4f82-96be-65ab0b63e8b3","3925e295-8ff8-4d11-ad6c-7e59afeac2f8","Kebaya Cantik Studio","attire_rental","Gaun Malam Gala","Gaun panjang untuk gala dinner atau acara resmi perusahaan, tersedia beberapa potongan dan panjang.","1000000.00","14","{""model"":""A-line, mermaid, off-shoulder"",""warna"":""Hitam, merah marun, emas, biru malam"",""ukuran"":""S sampai XL"",""fasilitas"":""Fitting, permak ringan, dan cuci setelah pemakaian."",""ketentuan"":""Noda permanen atau sobek dikenakan biaya perbaikan sesuai kerusakan."",""durasi_sewa"":""2 hari"",""jenis_pakaian"":""Gaun malam""}"
"44485074-c78d-4e77-b56e-c3934cdc340e","3925e295-8ff8-4d11-ad6c-7e59afeac2f8","Kebaya Cantik Studio","attire_rental","Kebaya Pengantin Modern","Kebaya pengantin dengan payet kerja tangan, disewakan bersama kain, selop, dan perlengkapan pelengkapnya.","1100000.00","30","{""model"":""Modern, brokat payet, lengan panjang"",""warna"":""Putih, broken white, gading, dusty pink"",""ukuran"":""S sampai XXL, bisa dipermak"",""fasilitas"":""Dua kali fitting, permak menyesuaikan badan, kain dan selop, serta cuci setelah pemakaian."",""ketentuan"":""Deposit dikembalikan penuh bila pakaian kembali tanpa kerusakan. Keterlambatan pengembalian dikenakan biaya harian."",""durasi_sewa"":""3 hari (H-1 sampai H+1)"",""jenis_pakaian"":""Kebaya pengantin""}"
"c46f0b89-1cff-4bbb-bcd0-841eda11d80c","e258798b-65a9-428d-9382-3b55de2a449f","Keraton Fashion House","attire_rental","Kebaya Keluarga & Ibu","Kebaya untuk orang tua dan keluarga inti, tersedia dalam set seragam beberapa potong dengan kain senada.","450000.00","14","{""model"":""Kutubaru dan kebaya encim"",""warna"":""Maroon, navy, emas, hijau botol"",""ukuran"":""M sampai XXXL"",""fasilitas"":""Kain batik senada, fitting, dan permak ringan."",""ketentuan"":""Pemesanan set seragam minimal empat potong disarankan memesan lebih awal karena stok warna terbatas."",""durasi_sewa"":""3 hari"",""jenis_pakaian"":""Kebaya keluarga""}"
"23578ba6-e5c1-4a19-8f93-35cc5c66bb77","e258798b-65a9-428d-9382-3b55de2a449f","Keraton Fashion House","attire_rental","Beskap Adat Jawa","Beskap lengkap dengan blangkon, keris imitasi, dan jarik untuk prosesi pernikahan adat.","600000.00","21","{""model"":""Solo dan Yogyakarta"",""warna"":""Hitam, navy, dan gading"",""ukuran"":""M sampai XXL"",""fasilitas"":""Blangkon, jarik, stagen, keris imitasi, dan bantuan pemakaian di hari acara."",""ketentuan"":""Perlengkapan adat dihitung satu set, tidak disewakan terpisah."",""durasi_sewa"":""3 hari"",""jenis_pakaian"":""Beskap adat Jawa""}"
"0db3f5b1-cba7-4990-82c8-41ca4143bf3d","e258798b-65a9-428d-9382-3b55de2a449f","Keraton Fashion House","attire_rental","Jas Pengantin Pria","Setelan jas pengantin lengkap dengan kemeja, dasi atau bowtie, dan sepatu bila dibutuhkan.","800000.00","21","{""model"":""Tuxedo, slim fit, tiga potong"",""warna"":""Hitam, navy, abu, putih gading"",""ukuran"":""44 sampai 56"",""fasilitas"":""Fitting dan permak, kemeja, dasi kupu-kupu, saku tangan, dan cuci setelah pemakaian."",""ketentuan"":""Permak permanen tidak dilakukan pada koleksi sewa. Deposit ditahan sampai pakaian dikembalikan."",""durasi_sewa"":""3 hari"",""jenis_pakaian"":""Jas pengantin pria""}"
"1689ae70-d9cd-4c17-bddc-df90db4e5429","e258798b-65a9-428d-9382-3b55de2a449f","Keraton Fashion House","attire_rental","Gaun Malam Gala","Gaun panjang untuk gala dinner atau acara resmi perusahaan, tersedia beberapa potongan dan panjang.","900000.00","14","{""model"":""A-line, mermaid, off-shoulder"",""warna"":""Hitam, merah marun, emas, biru malam"",""ukuran"":""S sampai XL"",""fasilitas"":""Fitting, permak ringan, dan cuci setelah pemakaian."",""ketentuan"":""Noda permanen atau sobek dikenakan biaya perbaikan sesuai kerusakan."",""durasi_sewa"":""2 hari"",""jenis_pakaian"":""Gaun malam""}"
"70f6d0d3-3697-4d4f-b801-918f8dc103d3","e258798b-65a9-428d-9382-3b55de2a449f","Keraton Fashion House","attire_rental","Kebaya Pengantin Modern","Kebaya pengantin dengan payet kerja tangan, disewakan bersama kain, selop, dan perlengkapan pelengkapnya.","1000000.00","30","{""model"":""Modern, brokat payet, lengan panjang"",""warna"":""Putih, broken white, gading, dusty pink"",""ukuran"":""S sampai XXL, bisa dipermak"",""fasilitas"":""Dua kali fitting, permak menyesuaikan badan, kain dan selop, serta cuci setelah pemakaian."",""ketentuan"":""Deposit dikembalikan penuh bila pakaian kembali tanpa kerusakan. Keterlambatan pengembalian dikenakan biaya harian."",""durasi_sewa"":""3 hari (H-1 sampai H+1)"",""jenis_pakaian"":""Kebaya pengantin""}"
"e283865e-c05a-4fec-9259-d678973d187f","a741925a-426a-4a8d-9570-1a9cbc5e5722","Lestari Fashion","attire_rental","Kebaya Keluarga & Ibu","Kebaya untuk orang tua dan keluarga inti, tersedia dalam set seragam beberapa potong dengan kain senada.","250000.00","14","{""model"":""Kutubaru dan kebaya encim"",""warna"":""Maroon, navy, emas, hijau botol"",""ukuran"":""M sampai XXXL"",""fasilitas"":""Kain batik senada, fitting, dan permak ringan."",""ketentuan"":""Pemesanan set seragam minimal empat potong disarankan memesan lebih awal karena stok warna terbatas."",""durasi_sewa"":""3 hari"",""jenis_pakaian"":""Kebaya keluarga""}"
"1a4f016e-4bec-42ba-a60b-20ba286b7b96","a741925a-426a-4a8d-9570-1a9cbc5e5722","Lestari Fashion","attire_rental","Beskap Adat Jawa","Beskap lengkap dengan blangkon, keris imitasi, dan jarik untuk prosesi pernikahan adat.","350000.00","21","{""model"":""Solo dan Yogyakarta"",""warna"":""Hitam, navy, dan gading"",""ukuran"":""M sampai XXL"",""fasilitas"":""Blangkon, jarik, stagen, keris imitasi, dan bantuan pemakaian di hari acara."",""ketentuan"":""Perlengkapan adat dihitung satu set, tidak disewakan terpisah."",""durasi_sewa"":""3 hari"",""jenis_pakaian"":""Beskap adat Jawa""}"
"22a71393-2e70-47de-ab11-da7c9f96d13c","a741925a-426a-4a8d-9570-1a9cbc5e5722","Lestari Fashion","attire_rental","Jas Pengantin Pria","Setelan jas pengantin lengkap dengan kemeja, dasi atau bowtie, dan sepatu bila dibutuhkan.","450000.00","21","{""model"":""Tuxedo, slim fit, tiga potong"",""warna"":""Hitam, navy, abu, putih gading"",""ukuran"":""44 sampai 56"",""fasilitas"":""Fitting dan permak, kemeja, dasi kupu-kupu, saku tangan, dan cuci setelah pemakaian."",""ketentuan"":""Permak permanen tidak dilakukan pada koleksi sewa. Deposit ditahan sampai pakaian dikembalikan."",""durasi_sewa"":""3 hari"",""jenis_pakaian"":""Jas pengantin pria""}"
"51b1a618-8433-4543-88c8-6516a5d7ed1d","a741925a-426a-4a8d-9570-1a9cbc5e5722","Lestari Fashion","attire_rental","Gaun Malam Gala","Gaun panjang untuk gala dinner atau acara resmi perusahaan, tersedia beberapa potongan dan panjang.","500000.00","14","{""model"":""A-line, mermaid, off-shoulder"",""warna"":""Hitam, merah marun, emas, biru malam"",""ukuran"":""S sampai XL"",""fasilitas"":""Fitting, permak ringan, dan cuci setelah pemakaian."",""ketentuan"":""Noda permanen atau sobek dikenakan biaya perbaikan sesuai kerusakan."",""durasi_sewa"":""2 hari"",""jenis_pakaian"":""Gaun malam""}"
"fcd6bf65-d0e9-4813-91a3-973b5a650e26","a741925a-426a-4a8d-9570-1a9cbc5e5722","Lestari Fashion","attire_rental","Kebaya Pengantin Modern","Kebaya pengantin dengan payet kerja tangan, disewakan bersama kain, selop, dan perlengkapan pelengkapnya.","550000.00","30","{""model"":""Modern, brokat payet, lengan panjang"",""warna"":""Putih, broken white, gading, dusty pink"",""ukuran"":""S sampai XXL, bisa dipermak"",""fasilitas"":""Dua kali fitting, permak menyesuaikan badan, kain dan selop, serta cuci setelah pemakaian."",""ketentuan"":""Deposit dikembalikan penuh bila pakaian kembali tanpa kerusakan. Keterlambatan pengembalian dikenakan biaya harian."",""durasi_sewa"":""3 hari (H-1 sampai H+1)"",""jenis_pakaian"":""Kebaya pengantin""}"
"4703933c-06ce-4e36-aca2-e8396a2eaf17","d4937732-5178-4529-866e-ab78752da920","Mahkota Attire Studio","attire_rental","Kebaya Keluarga & Ibu","Kebaya untuk orang tua dan keluarga inti, tersedia dalam set seragam beberapa potong dengan kain senada.","450000.00","14","{""model"":""Kutubaru dan kebaya encim"",""warna"":""Maroon, navy, emas, hijau botol"",""ukuran"":""M sampai XXXL"",""fasilitas"":""Kain batik senada, fitting, dan permak ringan."",""ketentuan"":""Pemesanan set seragam minimal empat potong disarankan memesan lebih awal karena stok warna terbatas."",""durasi_sewa"":""3 hari"",""jenis_pakaian"":""Kebaya keluarga""}"
"42d140ae-d12c-408c-b9ab-b8490f7c9b29","d4937732-5178-4529-866e-ab78752da920","Mahkota Attire Studio","attire_rental","Beskap Adat Jawa","Beskap lengkap dengan blangkon, keris imitasi, dan jarik untuk prosesi pernikahan adat.","550000.00","21","{""model"":""Solo dan Yogyakarta"",""warna"":""Hitam, navy, dan gading"",""ukuran"":""M sampai XXL"",""fasilitas"":""Blangkon, jarik, stagen, keris imitasi, dan bantuan pemakaian di hari acara."",""ketentuan"":""Perlengkapan adat dihitung satu set, tidak disewakan terpisah."",""durasi_sewa"":""3 hari"",""jenis_pakaian"":""Beskap adat Jawa""}"
"b2ac982b-374c-42c8-8988-3e09411188f5","d4937732-5178-4529-866e-ab78752da920","Mahkota Attire Studio","attire_rental","Jas Pengantin Pria","Setelan jas pengantin lengkap dengan kemeja, dasi atau bowtie, dan sepatu bila dibutuhkan.","750000.00","21","{""model"":""Tuxedo, slim fit, tiga potong"",""warna"":""Hitam, navy, abu, putih gading"",""ukuran"":""44 sampai 56"",""fasilitas"":""Fitting dan permak, kemeja, dasi kupu-kupu, saku tangan, dan cuci setelah pemakaian."",""ketentuan"":""Permak permanen tidak dilakukan pada koleksi sewa. Deposit ditahan sampai pakaian dikembalikan."",""durasi_sewa"":""3 hari"",""jenis_pakaian"":""Jas pengantin pria""}"
"09d22a08-7f4a-46cc-854a-464166fa041c","d4937732-5178-4529-866e-ab78752da920","Mahkota Attire Studio","attire_rental","Gaun Malam Gala","Gaun panjang untuk gala dinner atau acara resmi perusahaan, tersedia beberapa potongan dan panjang.","850000.00","14","{""model"":""A-line, mermaid, off-shoulder"",""warna"":""Hitam, merah marun, emas, biru malam"",""ukuran"":""S sampai XL"",""fasilitas"":""Fitting, permak ringan, dan cuci setelah pemakaian."",""ketentuan"":""Noda permanen atau sobek dikenakan biaya perbaikan sesuai kerusakan."",""durasi_sewa"":""2 hari"",""jenis_pakaian"":""Gaun malam""}"
"16f9697f-b675-4e71-a105-de16dc9d4bee","d4937732-5178-4529-866e-ab78752da920","Mahkota Attire Studio","attire_rental","Kebaya Pengantin Modern","Kebaya pengantin dengan payet kerja tangan, disewakan bersama kain, selop, dan perlengkapan pelengkapnya.","950000.00","30","{""model"":""Modern, brokat payet, lengan panjang"",""warna"":""Putih, broken white, gading, dusty pink"",""ukuran"":""S sampai XXL, bisa dipermak"",""fasilitas"":""Dua kali fitting, permak menyesuaikan badan, kain dan selop, serta cuci setelah pemakaian."",""ketentuan"":""Deposit dikembalikan penuh bila pakaian kembali tanpa kerusakan. Keterlambatan pengembalian dikenakan biaya harian."",""durasi_sewa"":""3 hari (H-1 sampai H+1)"",""jenis_pakaian"":""Kebaya pengantin""}"
"dbcc52e2-bc31-43b4-b233-83df17d9c131","4604635f-fce4-4bff-bfb2-796e9fee5fda","Nuansa Batik House","attire_rental","Kebaya Keluarga & Ibu","Kebaya untuk orang tua dan keluarga inti, tersedia dalam set seragam beberapa potong dengan kain senada.","300000.00","14","{""model"":""Kutubaru dan kebaya encim"",""warna"":""Maroon, navy, emas, hijau botol"",""ukuran"":""M sampai XXXL"",""fasilitas"":""Kain batik senada, fitting, dan permak ringan."",""ketentuan"":""Pemesanan set seragam minimal empat potong disarankan memesan lebih awal karena stok warna terbatas."",""durasi_sewa"":""3 hari"",""jenis_pakaian"":""Kebaya keluarga""}"
"683853a9-9e26-4658-8768-def7e0f9f758","4604635f-fce4-4bff-bfb2-796e9fee5fda","Nuansa Batik House","attire_rental","Beskap Adat Jawa","Beskap lengkap dengan blangkon, keris imitasi, dan jarik untuk prosesi pernikahan adat.","400000.00","21","{""model"":""Solo dan Yogyakarta"",""warna"":""Hitam, navy, dan gading"",""ukuran"":""M sampai XXL"",""fasilitas"":""Blangkon, jarik, stagen, keris imitasi, dan bantuan pemakaian di hari acara."",""ketentuan"":""Perlengkapan adat dihitung satu set, tidak disewakan terpisah."",""durasi_sewa"":""3 hari"",""jenis_pakaian"":""Beskap adat Jawa""}"
"2e29e241-3000-4a05-9eda-441034723549","4604635f-fce4-4bff-bfb2-796e9fee5fda","Nuansa Batik House","attire_rental","Jas Pengantin Pria","Setelan jas pengantin lengkap dengan kemeja, dasi atau bowtie, dan sepatu bila dibutuhkan.","550000.00","21","{""model"":""Tuxedo, slim fit, tiga potong"",""warna"":""Hitam, navy, abu, putih gading"",""ukuran"":""44 sampai 56"",""fasilitas"":""Fitting dan permak, kemeja, dasi kupu-kupu, saku tangan, dan cuci setelah pemakaian."",""ketentuan"":""Permak permanen tidak dilakukan pada koleksi sewa. Deposit ditahan sampai pakaian dikembalikan."",""durasi_sewa"":""3 hari"",""jenis_pakaian"":""Jas pengantin pria""}"
"8196e4ce-78ae-4f32-820e-783b029e6cbf","4604635f-fce4-4bff-bfb2-796e9fee5fda","Nuansa Batik House","attire_rental","Gaun Malam Gala","Gaun panjang untuk gala dinner atau acara resmi perusahaan, tersedia beberapa potongan dan panjang.","650000.00","14","{""model"":""A-line, mermaid, off-shoulder"",""warna"":""Hitam, merah marun, emas, biru malam"",""ukuran"":""S sampai XL"",""fasilitas"":""Fitting, permak ringan, dan cuci setelah pemakaian."",""ketentuan"":""Noda permanen atau sobek dikenakan biaya perbaikan sesuai kerusakan."",""durasi_sewa"":""2 hari"",""jenis_pakaian"":""Gaun malam""}"
"e4ca117b-c859-4326-93df-cf662190fe26","4604635f-fce4-4bff-bfb2-796e9fee5fda","Nuansa Batik House","attire_rental","Kebaya Pengantin Modern","Kebaya pengantin dengan payet kerja tangan, disewakan bersama kain, selop, dan perlengkapan pelengkapnya.","700000.00","30","{""model"":""Modern, brokat payet, lengan panjang"",""warna"":""Putih, broken white, gading, dusty pink"",""ukuran"":""S sampai XXL, bisa dipermak"",""fasilitas"":""Dua kali fitting, permak menyesuaikan badan, kain dan selop, serta cuci setelah pemakaian."",""ketentuan"":""Deposit dikembalikan penuh bila pakaian kembali tanpa kerusakan. Keterlambatan pengembalian dikenakan biaya harian."",""durasi_sewa"":""3 hari (H-1 sampai H+1)"",""jenis_pakaian"":""Kebaya pengantin""}"
"a80348f0-f331-4677-acc9-c308bf29b3c6","064c86d6-55d6-4319-94e8-6efc64eab52c","Nusantara Attire","attire_rental","Kebaya Keluarga & Ibu","Kebaya untuk orang tua dan keluarga inti, tersedia dalam set seragam beberapa potong dengan kain senada.","350000.00","14","{""model"":""Kutubaru dan kebaya encim"",""warna"":""Maroon, navy, emas, hijau botol"",""ukuran"":""M sampai XXXL"",""fasilitas"":""Kain batik senada, fitting, dan permak ringan."",""ketentuan"":""Pemesanan set seragam minimal empat potong disarankan memesan lebih awal karena stok warna terbatas."",""durasi_sewa"":""3 hari"",""jenis_pakaian"":""Kebaya keluarga""}"
"2199c861-f041-4990-bee3-867e1fcaeee7","064c86d6-55d6-4319-94e8-6efc64eab52c","Nusantara Attire","attire_rental","Beskap Adat Jawa","Beskap lengkap dengan blangkon, keris imitasi, dan jarik untuk prosesi pernikahan adat.","450000.00","21","{""model"":""Solo dan Yogyakarta"",""warna"":""Hitam, navy, dan gading"",""ukuran"":""M sampai XXL"",""fasilitas"":""Blangkon, jarik, stagen, keris imitasi, dan bantuan pemakaian di hari acara."",""ketentuan"":""Perlengkapan adat dihitung satu set, tidak disewakan terpisah."",""durasi_sewa"":""3 hari"",""jenis_pakaian"":""Beskap adat Jawa""}"
"0e224d6f-814b-49d9-861d-8865dd71b0f9","064c86d6-55d6-4319-94e8-6efc64eab52c","Nusantara Attire","attire_rental","Jas Pengantin Pria","Setelan jas pengantin lengkap dengan kemeja, dasi atau bowtie, dan sepatu bila dibutuhkan.","600000.00","21","{""model"":""Tuxedo, slim fit, tiga potong"",""warna"":""Hitam, navy, abu, putih gading"",""ukuran"":""44 sampai 56"",""fasilitas"":""Fitting dan permak, kemeja, dasi kupu-kupu, saku tangan, dan cuci setelah pemakaian."",""ketentuan"":""Permak permanen tidak dilakukan pada koleksi sewa. Deposit ditahan sampai pakaian dikembalikan."",""durasi_sewa"":""3 hari"",""jenis_pakaian"":""Jas pengantin pria""}"
"88429fe6-d834-4419-82f6-8c451a3d3fe7","064c86d6-55d6-4319-94e8-6efc64eab52c","Nusantara Attire","attire_rental","Gaun Malam Gala","Gaun panjang untuk gala dinner atau acara resmi perusahaan, tersedia beberapa potongan dan panjang.","700000.00","14","{""model"":""A-line, mermaid, off-shoulder"",""warna"":""Hitam, merah marun, emas, biru malam"",""ukuran"":""S sampai XL"",""fasilitas"":""Fitting, permak ringan, dan cuci setelah pemakaian."",""ketentuan"":""Noda permanen atau sobek dikenakan biaya perbaikan sesuai kerusakan."",""durasi_sewa"":""2 hari"",""jenis_pakaian"":""Gaun malam""}"
"f5ef4295-872b-48dd-b95d-e9b8b6de327e","064c86d6-55d6-4319-94e8-6efc64eab52c","Nusantara Attire","attire_rental","Kebaya Pengantin Modern","Kebaya pengantin dengan payet kerja tangan, disewakan bersama kain, selop, dan perlengkapan pelengkapnya.","750000.00","30","{""model"":""Modern, brokat payet, lengan panjang"",""warna"":""Putih, broken white, gading, dusty pink"",""ukuran"":""S sampai XXL, bisa dipermak"",""fasilitas"":""Dua kali fitting, permak menyesuaikan badan, kain dan selop, serta cuci setelah pemakaian."",""ketentuan"":""Deposit dikembalikan penuh bila pakaian kembali tanpa kerusakan. Keterlambatan pengembalian dikenakan biaya harian."",""durasi_sewa"":""3 hari (H-1 sampai H+1)"",""jenis_pakaian"":""Kebaya pengantin""}"
"1fa1bc08-e6e1-4cde-a55c-cfedf171fad2","46fd0885-200a-428b-87a9-36e808125188","Ornamen Fashion Studio","attire_rental","Kebaya Keluarga & Ibu","Kebaya untuk orang tua dan keluarga inti, tersedia dalam set seragam beberapa potong dengan kain senada.","400000.00","14","{""model"":""Kutubaru dan kebaya encim"",""warna"":""Maroon, navy, emas, hijau botol"",""ukuran"":""M sampai XXXL"",""fasilitas"":""Kain batik senada, fitting, dan permak ringan."",""ketentuan"":""Pemesanan set seragam minimal empat potong disarankan memesan lebih awal karena stok warna terbatas."",""durasi_sewa"":""3 hari"",""jenis_pakaian"":""Kebaya keluarga""}"
"6568a349-5250-4f58-ad63-35852231eee4","46fd0885-200a-428b-87a9-36e808125188","Ornamen Fashion Studio","attire_rental","Beskap Adat Jawa","Beskap lengkap dengan blangkon, keris imitasi, dan jarik untuk prosesi pernikahan adat.","500000.00","21","{""model"":""Solo dan Yogyakarta"",""warna"":""Hitam, navy, dan gading"",""ukuran"":""M sampai XXL"",""fasilitas"":""Blangkon, jarik, stagen, keris imitasi, dan bantuan pemakaian di hari acara."",""ketentuan"":""Perlengkapan adat dihitung satu set, tidak disewakan terpisah."",""durasi_sewa"":""3 hari"",""jenis_pakaian"":""Beskap adat Jawa""}"
"e2cceffc-e50d-4431-a806-d075eda4243b","46fd0885-200a-428b-87a9-36e808125188","Ornamen Fashion Studio","attire_rental","Jas Pengantin Pria","Setelan jas pengantin lengkap dengan kemeja, dasi atau bowtie, dan sepatu bila dibutuhkan.","700000.00","21","{""model"":""Tuxedo, slim fit, tiga potong"",""warna"":""Hitam, navy, abu, putih gading"",""ukuran"":""44 sampai 56"",""fasilitas"":""Fitting dan permak, kemeja, dasi kupu-kupu, saku tangan, dan cuci setelah pemakaian."",""ketentuan"":""Permak permanen tidak dilakukan pada koleksi sewa. Deposit ditahan sampai pakaian dikembalikan."",""durasi_sewa"":""3 hari"",""jenis_pakaian"":""Jas pengantin pria""}"
"3f365f26-a877-4627-af23-0dae7f8bd379","46fd0885-200a-428b-87a9-36e808125188","Ornamen Fashion Studio","attire_rental","Gaun Malam Gala","Gaun panjang untuk gala dinner atau acara resmi perusahaan, tersedia beberapa potongan dan panjang.","750000.00","14","{""model"":""A-line, mermaid, off-shoulder"",""warna"":""Hitam, merah marun, emas, biru malam"",""ukuran"":""S sampai XL"",""fasilitas"":""Fitting, permak ringan, dan cuci setelah pemakaian."",""ketentuan"":""Noda permanen atau sobek dikenakan biaya perbaikan sesuai kerusakan."",""durasi_sewa"":""2 hari"",""jenis_pakaian"":""Gaun malam""}"
"9e68818f-f39c-4ee8-816c-9858aeef8f48","46fd0885-200a-428b-87a9-36e808125188","Ornamen Fashion Studio","attire_rental","Kebaya Pengantin Modern","Kebaya pengantin dengan payet kerja tangan, disewakan bersama kain, selop, dan perlengkapan pelengkapnya.","850000.00","30","{""model"":""Modern, brokat payet, lengan panjang"",""warna"":""Putih, broken white, gading, dusty pink"",""ukuran"":""S sampai XXL, bisa dipermak"",""fasilitas"":""Dua kali fitting, permak menyesuaikan badan, kain dan selop, serta cuci setelah pemakaian."",""ketentuan"":""Deposit dikembalikan penuh bila pakaian kembali tanpa kerusakan. Keterlambatan pengembalian dikenakan biaya harian."",""durasi_sewa"":""3 hari (H-1 sampai H+1)"",""jenis_pakaian"":""Kebaya pengantin""}"
"70c7ce28-55fc-4a70-8f24-5eb3978a3e05","c44e3835-6db5-4a12-9054-9194807aa1dc","Pesona Kebaya","attire_rental","Kebaya Keluarga & Ibu","Kebaya untuk orang tua dan keluarga inti, tersedia dalam set seragam beberapa potong dengan kain senada.","600000.00","14","{""model"":""Kutubaru dan kebaya encim"",""warna"":""Maroon, navy, emas, hijau botol"",""ukuran"":""M sampai XXXL"",""fasilitas"":""Kain batik senada, fitting, dan permak ringan."",""ketentuan"":""Pemesanan set seragam minimal empat potong disarankan memesan lebih awal karena stok warna terbatas."",""durasi_sewa"":""3 hari"",""jenis_pakaian"":""Kebaya keluarga""}"
"38a10785-01a4-4067-a153-bd87c6d1697c","c44e3835-6db5-4a12-9054-9194807aa1dc","Pesona Kebaya","attire_rental","Beskap Adat Jawa","Beskap lengkap dengan blangkon, keris imitasi, dan jarik untuk prosesi pernikahan adat.","800000.00","21","{""model"":""Solo dan Yogyakarta"",""warna"":""Hitam, navy, dan gading"",""ukuran"":""M sampai XXL"",""fasilitas"":""Blangkon, jarik, stagen, keris imitasi, dan bantuan pemakaian di hari acara."",""ketentuan"":""Perlengkapan adat dihitung satu set, tidak disewakan terpisah."",""durasi_sewa"":""3 hari"",""jenis_pakaian"":""Beskap adat Jawa""}"
"59d71e85-8909-4a20-ac31-ee520a90bfda","c44e3835-6db5-4a12-9054-9194807aa1dc","Pesona Kebaya","attire_rental","Jas Pengantin Pria","Setelan jas pengantin lengkap dengan kemeja, dasi atau bowtie, dan sepatu bila dibutuhkan.","1050000.00","21","{""model"":""Tuxedo, slim fit, tiga potong"",""warna"":""Hitam, navy, abu, putih gading"",""ukuran"":""44 sampai 56"",""fasilitas"":""Fitting dan permak, kemeja, dasi kupu-kupu, saku tangan, dan cuci setelah pemakaian."",""ketentuan"":""Permak permanen tidak dilakukan pada koleksi sewa. Deposit ditahan sampai pakaian dikembalikan."",""durasi_sewa"":""3 hari"",""jenis_pakaian"":""Jas pengantin pria""}"
"6e3a4710-a00e-47a6-a1e3-22be6d81986b","c44e3835-6db5-4a12-9054-9194807aa1dc","Pesona Kebaya","attire_rental","Gaun Malam Gala","Gaun panjang untuk gala dinner atau acara resmi perusahaan, tersedia beberapa potongan dan panjang.","1150000.00","14","{""model"":""A-line, mermaid, off-shoulder"",""warna"":""Hitam, merah marun, emas, biru malam"",""ukuran"":""S sampai XL"",""fasilitas"":""Fitting, permak ringan, dan cuci setelah pemakaian."",""ketentuan"":""Noda permanen atau sobek dikenakan biaya perbaikan sesuai kerusakan."",""durasi_sewa"":""2 hari"",""jenis_pakaian"":""Gaun malam""}"
"2150c98a-e7e0-4c89-afe1-a3fd811d0623","c44e3835-6db5-4a12-9054-9194807aa1dc","Pesona Kebaya","attire_rental","Kebaya Pengantin Modern","Kebaya pengantin dengan payet kerja tangan, disewakan bersama kain, selop, dan perlengkapan pelengkapnya.","1300000.00","30","{""model"":""Modern, brokat payet, lengan panjang"",""warna"":""Putih, broken white, gading, dusty pink"",""ukuran"":""S sampai XXL, bisa dipermak"",""fasilitas"":""Dua kali fitting, permak menyesuaikan badan, kain dan selop, serta cuci setelah pemakaian."",""ketentuan"":""Deposit dikembalikan penuh bila pakaian kembali tanpa kerusakan. Keterlambatan pengembalian dikenakan biaya harian."",""durasi_sewa"":""3 hari (H-1 sampai H+1)"",""jenis_pakaian"":""Kebaya pengantin""}"
"830abfb7-376a-4dd3-920c-665388f376c9","3f01cb5c-06d1-4dac-8ec9-216ff00f4cf3","Quorum Suit Studio","attire_rental","Kebaya Keluarga & Ibu","Kebaya untuk orang tua dan keluarga inti, tersedia dalam set seragam beberapa potong dengan kain senada.","350000.00","14","{""model"":""Kutubaru dan kebaya encim"",""warna"":""Maroon, navy, emas, hijau botol"",""ukuran"":""M sampai XXXL"",""fasilitas"":""Kain batik senada, fitting, dan permak ringan."",""ketentuan"":""Pemesanan set seragam minimal empat potong disarankan memesan lebih awal karena stok warna terbatas."",""durasi_sewa"":""3 hari"",""jenis_pakaian"":""Kebaya keluarga""}"
"2a2ccfa7-548f-413f-9707-174b9b335e4f","3f01cb5c-06d1-4dac-8ec9-216ff00f4cf3","Quorum Suit Studio","attire_rental","Beskap Adat Jawa","Beskap lengkap dengan blangkon, keris imitasi, dan jarik untuk prosesi pernikahan adat.","450000.00","21","{""model"":""Solo dan Yogyakarta"",""warna"":""Hitam, navy, dan gading"",""ukuran"":""M sampai XXL"",""fasilitas"":""Blangkon, jarik, stagen, keris imitasi, dan bantuan pemakaian di hari acara."",""ketentuan"":""Perlengkapan adat dihitung satu set, tidak disewakan terpisah."",""durasi_sewa"":""3 hari"",""jenis_pakaian"":""Beskap adat Jawa""}"
"104da78c-84d3-4def-8cad-33eb980f951c","3f01cb5c-06d1-4dac-8ec9-216ff00f4cf3","Quorum Suit Studio","attire_rental","Jas Pengantin Pria","Setelan jas pengantin lengkap dengan kemeja, dasi atau bowtie, dan sepatu bila dibutuhkan.","600000.00","21","{""model"":""Tuxedo, slim fit, tiga potong"",""warna"":""Hitam, navy, abu, putih gading"",""ukuran"":""44 sampai 56"",""fasilitas"":""Fitting dan permak, kemeja, dasi kupu-kupu, saku tangan, dan cuci setelah pemakaian."",""ketentuan"":""Permak permanen tidak dilakukan pada koleksi sewa. Deposit ditahan sampai pakaian dikembalikan."",""durasi_sewa"":""3 hari"",""jenis_pakaian"":""Jas pengantin pria""}"
"a14341c2-e5b8-48d0-9824-4db9d4ebafa0","3f01cb5c-06d1-4dac-8ec9-216ff00f4cf3","Quorum Suit Studio","attire_rental","Gaun Malam Gala","Gaun panjang untuk gala dinner atau acara resmi perusahaan, tersedia beberapa potongan dan panjang.","700000.00","14","{""model"":""A-line, mermaid, off-shoulder"",""warna"":""Hitam, merah marun, emas, biru malam"",""ukuran"":""S sampai XL"",""fasilitas"":""Fitting, permak ringan, dan cuci setelah pemakaian."",""ketentuan"":""Noda permanen atau sobek dikenakan biaya perbaikan sesuai kerusakan."",""durasi_sewa"":""2 hari"",""jenis_pakaian"":""Gaun malam""}"
"9261c7a4-8bc9-4ad3-9970-4bbcb45d50c3","3f01cb5c-06d1-4dac-8ec9-216ff00f4cf3","Quorum Suit Studio","attire_rental","Kebaya Pengantin Modern","Kebaya pengantin dengan payet kerja tangan, disewakan bersama kain, selop, dan perlengkapan pelengkapnya.","750000.00","30","{""model"":""Modern, brokat payet, lengan panjang"",""warna"":""Putih, broken white, gading, dusty pink"",""ukuran"":""S sampai XXL, bisa dipermak"",""fasilitas"":""Dua kali fitting, permak menyesuaikan badan, kain dan selop, serta cuci setelah pemakaian."",""ketentuan"":""Deposit dikembalikan penuh bila pakaian kembali tanpa kerusakan. Keterlambatan pengembalian dikenakan biaya harian."",""durasi_sewa"":""3 hari (H-1 sampai H+1)"",""jenis_pakaian"":""Kebaya pengantin""}"
"94e7f29f-e081-44f6-9556-25759d010a48","5d4d1915-4920-4316-97c7-c410ab2cd526","Royal Attire Indonesia","attire_rental","Kebaya Keluarga & Ibu","Kebaya untuk orang tua dan keluarga inti, tersedia dalam set seragam beberapa potong dengan kain senada.","450000.00","14","{""model"":""Kutubaru dan kebaya encim"",""warna"":""Maroon, navy, emas, hijau botol"",""ukuran"":""M sampai XXXL"",""fasilitas"":""Kain batik senada, fitting, dan permak ringan."",""ketentuan"":""Pemesanan set seragam minimal empat potong disarankan memesan lebih awal karena stok warna terbatas."",""durasi_sewa"":""3 hari"",""jenis_pakaian"":""Kebaya keluarga""}"
"a0cba00e-d841-4f16-9c72-050c072c6075","5d4d1915-4920-4316-97c7-c410ab2cd526","Royal Attire Indonesia","attire_rental","Beskap Adat Jawa","Beskap lengkap dengan blangkon, keris imitasi, dan jarik untuk prosesi pernikahan adat.","600000.00","21","{""model"":""Solo dan Yogyakarta"",""warna"":""Hitam, navy, dan gading"",""ukuran"":""M sampai XXL"",""fasilitas"":""Blangkon, jarik, stagen, keris imitasi, dan bantuan pemakaian di hari acara."",""ketentuan"":""Perlengkapan adat dihitung satu set, tidak disewakan terpisah."",""durasi_sewa"":""3 hari"",""jenis_pakaian"":""Beskap adat Jawa""}"
"572e5315-ee48-47e8-8ae0-402e93ff4053","5d4d1915-4920-4316-97c7-c410ab2cd526","Royal Attire Indonesia","attire_rental","Jas Pengantin Pria","Setelan jas pengantin lengkap dengan kemeja, dasi atau bowtie, dan sepatu bila dibutuhkan.","800000.00","21","{""model"":""Tuxedo, slim fit, tiga potong"",""warna"":""Hitam, navy, abu, putih gading"",""ukuran"":""44 sampai 56"",""fasilitas"":""Fitting dan permak, kemeja, dasi kupu-kupu, saku tangan, dan cuci setelah pemakaian."",""ketentuan"":""Permak permanen tidak dilakukan pada koleksi sewa. Deposit ditahan sampai pakaian dikembalikan."",""durasi_sewa"":""3 hari"",""jenis_pakaian"":""Jas pengantin pria""}"
"a50cf041-b9a2-4898-a78c-4c7dc1a0df07","5d4d1915-4920-4316-97c7-c410ab2cd526","Royal Attire Indonesia","attire_rental","Gaun Malam Gala","Gaun panjang untuk gala dinner atau acara resmi perusahaan, tersedia beberapa potongan dan panjang.","900000.00","14","{""model"":""A-line, mermaid, off-shoulder"",""warna"":""Hitam, merah marun, emas, biru malam"",""ukuran"":""S sampai XL"",""fasilitas"":""Fitting, permak ringan, dan cuci setelah pemakaian."",""ketentuan"":""Noda permanen atau sobek dikenakan biaya perbaikan sesuai kerusakan."",""durasi_sewa"":""2 hari"",""jenis_pakaian"":""Gaun malam""}"
"7351a289-8647-4a78-b6ca-c176d69e779f","5d4d1915-4920-4316-97c7-c410ab2cd526","Royal Attire Indonesia","attire_rental","Kebaya Pengantin Modern","Kebaya pengantin dengan payet kerja tangan, disewakan bersama kain, selop, dan perlengkapan pelengkapnya.","1000000.00","30","{""model"":""Modern, brokat payet, lengan panjang"",""warna"":""Putih, broken white, gading, dusty pink"",""ukuran"":""S sampai XXL, bisa dipermak"",""fasilitas"":""Dua kali fitting, permak menyesuaikan badan, kain dan selop, serta cuci setelah pemakaian."",""ketentuan"":""Deposit dikembalikan penuh bila pakaian kembali tanpa kerusakan. Keterlambatan pengembalian dikenakan biaya harian."",""durasi_sewa"":""3 hari (H-1 sampai H+1)"",""jenis_pakaian"":""Kebaya pengantin""}"
"fd3097d6-e2fd-4583-928e-7bf4419d1849","09c38f1e-ae73-40e4-a8be-4888b85c02f7","Sartoria Formal House","attire_rental","Kebaya Keluarga & Ibu","Kebaya untuk orang tua dan keluarga inti, tersedia dalam set seragam beberapa potong dengan kain senada.","800000.00","14","{""model"":""Kutubaru dan kebaya encim"",""warna"":""Maroon, navy, emas, hijau botol"",""ukuran"":""M sampai XXXL"",""fasilitas"":""Kain batik senada, fitting, dan permak ringan."",""ketentuan"":""Pemesanan set seragam minimal empat potong disarankan memesan lebih awal karena stok warna terbatas."",""durasi_sewa"":""3 hari"",""jenis_pakaian"":""Kebaya keluarga""}"
"df94d0aa-4e9c-4d97-8868-4025c7552e97","09c38f1e-ae73-40e4-a8be-4888b85c02f7","Sartoria Formal House","attire_rental","Beskap Adat Jawa","Beskap lengkap dengan blangkon, keris imitasi, dan jarik untuk prosesi pernikahan adat.","1100000.00","21","{""model"":""Solo dan Yogyakarta"",""warna"":""Hitam, navy, dan gading"",""ukuran"":""M sampai XXL"",""fasilitas"":""Blangkon, jarik, stagen, keris imitasi, dan bantuan pemakaian di hari acara."",""ketentuan"":""Perlengkapan adat dihitung satu set, tidak disewakan terpisah."",""durasi_sewa"":""3 hari"",""jenis_pakaian"":""Beskap adat Jawa""}"
"ac9ecc56-c916-4480-9316-9293a096715f","09c38f1e-ae73-40e4-a8be-4888b85c02f7","Sartoria Formal House","attire_rental","Jas Pengantin Pria","Setelan jas pengantin lengkap dengan kemeja, dasi atau bowtie, dan sepatu bila dibutuhkan.","1450000.00","21","{""model"":""Tuxedo, slim fit, tiga potong"",""warna"":""Hitam, navy, abu, putih gading"",""ukuran"":""44 sampai 56"",""fasilitas"":""Fitting dan permak, kemeja, dasi kupu-kupu, saku tangan, dan cuci setelah pemakaian."",""ketentuan"":""Permak permanen tidak dilakukan pada koleksi sewa. Deposit ditahan sampai pakaian dikembalikan."",""durasi_sewa"":""3 hari"",""jenis_pakaian"":""Jas pengantin pria""}"
"0fad4216-1877-49d6-bc23-b1219e74bedb","09c38f1e-ae73-40e4-a8be-4888b85c02f7","Sartoria Formal House","attire_rental","Gaun Malam Gala","Gaun panjang untuk gala dinner atau acara resmi perusahaan, tersedia beberapa potongan dan panjang.","1600000.00","14","{""model"":""A-line, mermaid, off-shoulder"",""warna"":""Hitam, merah marun, emas, biru malam"",""ukuran"":""S sampai XL"",""fasilitas"":""Fitting, permak ringan, dan cuci setelah pemakaian."",""ketentuan"":""Noda permanen atau sobek dikenakan biaya perbaikan sesuai kerusakan."",""durasi_sewa"":""2 hari"",""jenis_pakaian"":""Gaun malam""}"
"dce97972-4cce-4cc1-8d61-c0d94c73d3ac","09c38f1e-ae73-40e4-a8be-4888b85c02f7","Sartoria Formal House","attire_rental","Kebaya Pengantin Modern","Kebaya pengantin dengan payet kerja tangan, disewakan bersama kain, selop, dan perlengkapan pelengkapnya.","1800000.00","30","{""model"":""Modern, brokat payet, lengan panjang"",""warna"":""Putih, broken white, gading, dusty pink"",""ukuran"":""S sampai XXL, bisa dipermak"",""fasilitas"":""Dua kali fitting, permak menyesuaikan badan, kain dan selop, serta cuci setelah pemakaian."",""ketentuan"":""Deposit dikembalikan penuh bila pakaian kembali tanpa kerusakan. Keterlambatan pengembalian dikenakan biaya harian."",""durasi_sewa"":""3 hari (H-1 sampai H+1)"",""jenis_pakaian"":""Kebaya pengantin""}"
"dd559454-76f7-46a5-bbae-13751e4c6426","bc178f70-4e97-46fc-9e35-cb96e08da2ac","Tirta Busana Formal","attire_rental","Kebaya Keluarga & Ibu","Kebaya untuk orang tua dan keluarga inti, tersedia dalam set seragam beberapa potong dengan kain senada.","250000.00","14","{""model"":""Kutubaru dan kebaya encim"",""warna"":""Maroon, navy, emas, hijau botol"",""ukuran"":""M sampai XXXL"",""fasilitas"":""Kain batik senada, fitting, dan permak ringan."",""ketentuan"":""Pemesanan set seragam minimal empat potong disarankan memesan lebih awal karena stok warna terbatas."",""durasi_sewa"":""3 hari"",""jenis_pakaian"":""Kebaya keluarga""}"
"d63cdff0-97dc-4e40-b42f-91c9c93f5929","bc178f70-4e97-46fc-9e35-cb96e08da2ac","Tirta Busana Formal","attire_rental","Beskap Adat Jawa","Beskap lengkap dengan blangkon, keris imitasi, dan jarik untuk prosesi pernikahan adat.","350000.00","21","{""model"":""Solo dan Yogyakarta"",""warna"":""Hitam, navy, dan gading"",""ukuran"":""M sampai XXL"",""fasilitas"":""Blangkon, jarik, stagen, keris imitasi, dan bantuan pemakaian di hari acara."",""ketentuan"":""Perlengkapan adat dihitung satu set, tidak disewakan terpisah."",""durasi_sewa"":""3 hari"",""jenis_pakaian"":""Beskap adat Jawa""}"
"2274c263-b0db-4a42-9d1a-23402b817dc6","bc178f70-4e97-46fc-9e35-cb96e08da2ac","Tirta Busana Formal","attire_rental","Jas Pengantin Pria","Setelan jas pengantin lengkap dengan kemeja, dasi atau bowtie, dan sepatu bila dibutuhkan.","500000.00","21","{""model"":""Tuxedo, slim fit, tiga potong"",""warna"":""Hitam, navy, abu, putih gading"",""ukuran"":""44 sampai 56"",""fasilitas"":""Fitting dan permak, kemeja, dasi kupu-kupu, saku tangan, dan cuci setelah pemakaian."",""ketentuan"":""Permak permanen tidak dilakukan pada koleksi sewa. Deposit ditahan sampai pakaian dikembalikan."",""durasi_sewa"":""3 hari"",""jenis_pakaian"":""Jas pengantin pria""}"
"266bccd0-0e24-4590-99fe-8e896c719871","bc178f70-4e97-46fc-9e35-cb96e08da2ac","Tirta Busana Formal","attire_rental","Gaun Malam Gala","Gaun panjang untuk gala dinner atau acara resmi perusahaan, tersedia beberapa potongan dan panjang.","550000.00","14","{""model"":""A-line, mermaid, off-shoulder"",""warna"":""Hitam, merah marun, emas, biru malam"",""ukuran"":""S sampai XL"",""fasilitas"":""Fitting, permak ringan, dan cuci setelah pemakaian."",""ketentuan"":""Noda permanen atau sobek dikenakan biaya perbaikan sesuai kerusakan."",""durasi_sewa"":""2 hari"",""jenis_pakaian"":""Gaun malam""}"
"1386cb37-3c0f-4b67-8d10-fe175da84ee5","bc178f70-4e97-46fc-9e35-cb96e08da2ac","Tirta Busana Formal","attire_rental","Kebaya Pengantin Modern","Kebaya pengantin dengan payet kerja tangan, disewakan bersama kain, selop, dan perlengkapan pelengkapnya.","600000.00","30","{""model"":""Modern, brokat payet, lengan panjang"",""warna"":""Putih, broken white, gading, dusty pink"",""ukuran"":""S sampai XXL, bisa dipermak"",""fasilitas"":""Dua kali fitting, permak menyesuaikan badan, kain dan selop, serta cuci setelah pemakaian."",""ketentuan"":""Deposit dikembalikan penuh bila pakaian kembali tanpa kerusakan. Keterlambatan pengembalian dikenakan biaya harian."",""durasi_sewa"":""3 hari (H-1 sampai H+1)"",""jenis_pakaian"":""Kebaya pengantin""}"
"63c076e3-8f39-47f7-8d48-30b6df50f4be","f8f61557-4dc9-44f7-b028-8696b6203bee","Aura Makeup Artist","makeup_artist","Makeup Bridesmaid","Rias untuk bridesmaid atau pagar ayu, dengan tampilan seragam yang disesuaikan dengan warna gaun.","150000.00","5","{""durasi"":""30-40 menit per orang"",""fasilitas"":""Bulu mata, penataan rambut sederhana, dan penyesuaian warna lipstik dengan tema acara."",""gaya_makeup"":""Seragam, natural, tidak menyaingi pengantin"",""jumlah_orang"":""Mulai dari 3 orang"",""jenis_layanan"":""Rias bridesmaid""}"
"a7a22a93-ae9b-4a4e-8ffe-ef421c99f2e7","f8f61557-4dc9-44f7-b028-8696b6203bee","Aura Makeup Artist","makeup_artist","Makeup Keluarga Inti","Rias untuk orang tua dan keluarga inti pengantin, dikerjakan berurutan di lokasi yang sama sebelum acara dimulai.","200000.00","7","{""durasi"":""45 menit per orang"",""fasilitas"":""Hairdo sanggul atau blow, dan penyesuaian warna dengan kebaya yang dipakai."",""gaya_makeup"":""Elegan, menyesuaikan usia"",""jumlah_orang"":""Mulai dari 2 orang"",""jenis_layanan"":""Rias keluarga""}"
"a4505b38-8d19-434d-87a2-f160d61b7686","f8f61557-4dc9-44f7-b028-8696b6203bee","Aura Makeup Artist","makeup_artist","Makeup Prewedding","Rias untuk sesi pemotretan prewedding, indoor maupun outdoor, dengan dua pilihan tatanan yang bisa diganti di tengah sesi.","250000.00","7","{""durasi"":""3-4 jam"",""fasilitas"":""Dua tatanan rambut, retouch selama sesi foto, dan konsultasi konsep bersama fotografer."",""gaya_makeup"":""Natural glow untuk kamera"",""jumlah_orang"":""2 orang (pasangan)"",""jenis_layanan"":""Rias prewedding""}"
"bae0ad0a-fc81-4861-8966-c2fdfff0b4d8","f8f61557-4dc9-44f7-b028-8696b6203bee","Aura Makeup Artist","makeup_artist","Makeup Akad & Resepsi","Rias pengantin untuk dua sesi dalam satu hari, akad dan resepsi, termasuk satu kali ganti tatanan rambut dan retouch di sela acara.","450000.00","14","{""durasi"":""5-6 jam termasuk retouch"",""fasilitas"":""Trial makeup sekali sebelum hari-H, hairdo, softlens bening, bulu mata, dan asisten rias. Produk tahan air dan tahan keringat."",""gaya_makeup"":""Soft glam, flawless, tahan seharian"",""jumlah_orang"":""1 pengantin"",""jenis_layanan"":""Rias pengantin""}"
"f3f30e95-58d2-45d7-8031-3eb9b156143f","f8f61557-4dc9-44f7-b028-8696b6203bee","Aura Makeup Artist","makeup_artist","Paket Rias Sehari Penuh","Tim rias menemani dari pagi sampai acara selesai: pengantin, keluarga inti, dan bridesmaid dikerjakan satu tim dalam satu hari.","800000.00","21","{""durasi"":""Sejak pagi sampai acara selesai"",""fasilitas"":""Trial makeup, tim 3 perias, hairdo semua peserta, retouch tanpa batas selama acara, dan area rias portabel."",""gaya_makeup"":""Menyesuaikan tema acara"",""jumlah_orang"":""Pengantin + hingga 8 orang pendamping"",""jenis_layanan"":""Paket lengkap sehari""}"
"5cdfa8d1-8773-4a21-bcef-d9621261dd71","2d8bfedb-2397-4550-a28a-b200d35d94b1","Cantika Beauty Studio","makeup_artist","Makeup Bridesmaid","Rias untuk bridesmaid atau pagar ayu, dengan tampilan seragam yang disesuaikan dengan warna gaun.","250000.00","5","{""durasi"":""30-40 menit per orang"",""fasilitas"":""Bulu mata, penataan rambut sederhana, dan penyesuaian warna lipstik dengan tema acara."",""gaya_makeup"":""Seragam, natural, tidak menyaingi pengantin"",""jumlah_orang"":""Mulai dari 3 orang"",""jenis_layanan"":""Rias bridesmaid""}"
"45e610fc-4f93-49dd-80ce-fe7f3b73a61c","2d8bfedb-2397-4550-a28a-b200d35d94b1","Cantika Beauty Studio","makeup_artist","Makeup Keluarga Inti","Rias untuk orang tua dan keluarga inti pengantin, dikerjakan berurutan di lokasi yang sama sebelum acara dimulai.","300000.00","7","{""durasi"":""45 menit per orang"",""fasilitas"":""Hairdo sanggul atau blow, dan penyesuaian warna dengan kebaya yang dipakai."",""gaya_makeup"":""Elegan, menyesuaikan usia"",""jumlah_orang"":""Mulai dari 2 orang"",""jenis_layanan"":""Rias keluarga""}"
"d87e79f3-e014-4885-9cba-461708cefd60","2d8bfedb-2397-4550-a28a-b200d35d94b1","Cantika Beauty Studio","makeup_artist","Makeup Prewedding","Rias untuk sesi pemotretan prewedding, indoor maupun outdoor, dengan dua pilihan tatanan yang bisa diganti di tengah sesi.","400000.00","7","{""durasi"":""3-4 jam"",""fasilitas"":""Dua tatanan rambut, retouch selama sesi foto, dan konsultasi konsep bersama fotografer."",""gaya_makeup"":""Natural glow untuk kamera"",""jumlah_orang"":""2 orang (pasangan)"",""jenis_layanan"":""Rias prewedding""}"
"7f0c9c4d-c965-40f2-9862-7a40cc7f6fcc","2d8bfedb-2397-4550-a28a-b200d35d94b1","Cantika Beauty Studio","makeup_artist","Makeup Akad & Resepsi","Rias pengantin untuk dua sesi dalam satu hari, akad dan resepsi, termasuk satu kali ganti tatanan rambut dan retouch di sela acara.","700000.00","14","{""durasi"":""5-6 jam termasuk retouch"",""fasilitas"":""Trial makeup sekali sebelum hari-H, hairdo, softlens bening, bulu mata, dan asisten rias. Produk tahan air dan tahan keringat."",""gaya_makeup"":""Soft glam, flawless, tahan seharian"",""jumlah_orang"":""1 pengantin"",""jenis_layanan"":""Rias pengantin""}"
"491804a2-2651-4555-b60c-5198c566021d","2d8bfedb-2397-4550-a28a-b200d35d94b1","Cantika Beauty Studio","makeup_artist","Paket Rias Sehari Penuh","Tim rias menemani dari pagi sampai acara selesai: pengantin, keluarga inti, dan bridesmaid dikerjakan satu tim dalam satu hari.","1250000.00","21","{""durasi"":""Sejak pagi sampai acara selesai"",""fasilitas"":""Trial makeup, tim 3 perias, hairdo semua peserta, retouch tanpa batas selama acara, dan area rias portabel."",""gaya_makeup"":""Menyesuaikan tema acara"",""jumlah_orang"":""Pengantin + hingga 8 orang pendamping"",""jenis_layanan"":""Paket lengkap sehari""}"
"f3c69f94-6ccb-446a-89be-d6de81239aba","6ee2b353-670c-4837-93ae-94c08fce6cf6","Dazzle Beauty House","makeup_artist","Makeup Bridesmaid","Rias untuk bridesmaid atau pagar ayu, dengan tampilan seragam yang disesuaikan dengan warna gaun.","200000.00","5","{""durasi"":""30-40 menit per orang"",""fasilitas"":""Bulu mata, penataan rambut sederhana, dan penyesuaian warna lipstik dengan tema acara."",""gaya_makeup"":""Seragam, natural, tidak menyaingi pengantin"",""jumlah_orang"":""Mulai dari 3 orang"",""jenis_layanan"":""Rias bridesmaid""}"
"219ede26-3b39-4f0f-8919-96f2bf177325","6ee2b353-670c-4837-93ae-94c08fce6cf6","Dazzle Beauty House","makeup_artist","Makeup Keluarga Inti","Rias untuk orang tua dan keluarga inti pengantin, dikerjakan berurutan di lokasi yang sama sebelum acara dimulai.","250000.00","7","{""durasi"":""45 menit per orang"",""fasilitas"":""Hairdo sanggul atau blow, dan penyesuaian warna dengan kebaya yang dipakai."",""gaya_makeup"":""Elegan, menyesuaikan usia"",""jumlah_orang"":""Mulai dari 2 orang"",""jenis_layanan"":""Rias keluarga""}"
"3001bd98-04fa-4fc0-b9b1-d5daad6faa66","6ee2b353-670c-4837-93ae-94c08fce6cf6","Dazzle Beauty House","makeup_artist","Makeup Prewedding","Rias untuk sesi pemotretan prewedding, indoor maupun outdoor, dengan dua pilihan tatanan yang bisa diganti di tengah sesi.","350000.00","7","{""durasi"":""3-4 jam"",""fasilitas"":""Dua tatanan rambut, retouch selama sesi foto, dan konsultasi konsep bersama fotografer."",""gaya_makeup"":""Natural glow untuk kamera"",""jumlah_orang"":""2 orang (pasangan)"",""jenis_layanan"":""Rias prewedding""}"
"a9827a8b-1e9e-484d-a7bd-617312643e24","6ee2b353-670c-4837-93ae-94c08fce6cf6","Dazzle Beauty House","makeup_artist","Makeup Akad & Resepsi","Rias pengantin untuk dua sesi dalam satu hari, akad dan resepsi, termasuk satu kali ganti tatanan rambut dan retouch di sela acara.","600000.00","14","{""durasi"":""5-6 jam termasuk retouch"",""fasilitas"":""Trial makeup sekali sebelum hari-H, hairdo, softlens bening, bulu mata, dan asisten rias. Produk tahan air dan tahan keringat."",""gaya_makeup"":""Soft glam, flawless, tahan seharian"",""jumlah_orang"":""1 pengantin"",""jenis_layanan"":""Rias pengantin""}"
"b09a704a-7512-4446-88f8-f675ace1dac1","6ee2b353-670c-4837-93ae-94c08fce6cf6","Dazzle Beauty House","makeup_artist","Paket Rias Sehari Penuh","Tim rias menemani dari pagi sampai acara selesai: pengantin, keluarga inti, dan bridesmaid dikerjakan satu tim dalam satu hari.","1100000.00","21","{""durasi"":""Sejak pagi sampai acara selesai"",""fasilitas"":""Trial makeup, tim 3 perias, hairdo semua peserta, retouch tanpa batas selama acara, dan area rias portabel."",""gaya_makeup"":""Menyesuaikan tema acara"",""jumlah_orang"":""Pengantin + hingga 8 orang pendamping"",""jenis_layanan"":""Paket lengkap sehari""}"
"e4166aaf-b4af-44da-8220-c5cad7d707ab","83765684-9a96-40a3-808c-dc239c9659e7","Elok Beauty Studio","makeup_artist","Makeup Bridesmaid","Rias untuk bridesmaid atau pagar ayu, dengan tampilan seragam yang disesuaikan dengan warna gaun.","200000.00","5","{""durasi"":""30-40 menit per orang"",""fasilitas"":""Bulu mata, penataan rambut sederhana, dan penyesuaian warna lipstik dengan tema acara."",""gaya_makeup"":""Seragam, natural, tidak menyaingi pengantin"",""jumlah_orang"":""Mulai dari 3 orang"",""jenis_layanan"":""Rias bridesmaid""}"
"f53c06e2-69ed-4c8f-8645-43d24e87cbe1","83765684-9a96-40a3-808c-dc239c9659e7","Elok Beauty Studio","makeup_artist","Makeup Keluarga Inti","Rias untuk orang tua dan keluarga inti pengantin, dikerjakan berurutan di lokasi yang sama sebelum acara dimulai.","250000.00","7","{""durasi"":""45 menit per orang"",""fasilitas"":""Hairdo sanggul atau blow, dan penyesuaian warna dengan kebaya yang dipakai."",""gaya_makeup"":""Elegan, menyesuaikan usia"",""jumlah_orang"":""Mulai dari 2 orang"",""jenis_layanan"":""Rias keluarga""}"
"3c0b444c-dd0d-4127-889f-cb549b851eaf","83765684-9a96-40a3-808c-dc239c9659e7","Elok Beauty Studio","makeup_artist","Makeup Prewedding","Rias untuk sesi pemotretan prewedding, indoor maupun outdoor, dengan dua pilihan tatanan yang bisa diganti di tengah sesi.","350000.00","7","{""durasi"":""3-4 jam"",""fasilitas"":""Dua tatanan rambut, retouch selama sesi foto, dan konsultasi konsep bersama fotografer."",""gaya_makeup"":""Natural glow untuk kamera"",""jumlah_orang"":""2 orang (pasangan)"",""jenis_layanan"":""Rias prewedding""}"
"41bdab2b-438d-4f34-9d9b-d8caef74bfff","83765684-9a96-40a3-808c-dc239c9659e7","Elok Beauty Studio","makeup_artist","Makeup Akad & Resepsi","Rias pengantin untuk dua sesi dalam satu hari, akad dan resepsi, termasuk satu kali ganti tatanan rambut dan retouch di sela acara.","550000.00","14","{""durasi"":""5-6 jam termasuk retouch"",""fasilitas"":""Trial makeup sekali sebelum hari-H, hairdo, softlens bening, bulu mata, dan asisten rias. Produk tahan air dan tahan keringat."",""gaya_makeup"":""Soft glam, flawless, tahan seharian"",""jumlah_orang"":""1 pengantin"",""jenis_layanan"":""Rias pengantin""}"
"c5220025-6b7b-413f-8d46-31e9aee9da43","83765684-9a96-40a3-808c-dc239c9659e7","Elok Beauty Studio","makeup_artist","Paket Rias Sehari Penuh","Tim rias menemani dari pagi sampai acara selesai: pengantin, keluarga inti, dan bridesmaid dikerjakan satu tim dalam satu hari.","1000000.00","21","{""durasi"":""Sejak pagi sampai acara selesai"",""fasilitas"":""Trial makeup, tim 3 perias, hairdo semua peserta, retouch tanpa batas selama acara, dan area rias portabel."",""gaya_makeup"":""Menyesuaikan tema acara"",""jumlah_orang"":""Pengantin + hingga 8 orang pendamping"",""jenis_layanan"":""Paket lengkap sehari""}"
"607a64e7-3a24-49d5-b43f-1808dac46de1","797765f3-d010-4f11-ace5-cc30963983e4","Flawless Studio MUA","makeup_artist","Makeup Bridesmaid","Rias untuk bridesmaid atau pagar ayu, dengan tampilan seragam yang disesuaikan dengan warna gaun.","300000.00","5","{""durasi"":""30-40 menit per orang"",""fasilitas"":""Bulu mata, penataan rambut sederhana, dan penyesuaian warna lipstik dengan tema acara."",""gaya_makeup"":""Seragam, natural, tidak menyaingi pengantin"",""jumlah_orang"":""Mulai dari 3 orang"",""jenis_layanan"":""Rias bridesmaid""}"
"18b29a52-577d-4322-a667-ed5750b3ccaa","797765f3-d010-4f11-ace5-cc30963983e4","Flawless Studio MUA","makeup_artist","Makeup Keluarga Inti","Rias untuk orang tua dan keluarga inti pengantin, dikerjakan berurutan di lokasi yang sama sebelum acara dimulai.","400000.00","7","{""durasi"":""45 menit per orang"",""fasilitas"":""Hairdo sanggul atau blow, dan penyesuaian warna dengan kebaya yang dipakai."",""gaya_makeup"":""Elegan, menyesuaikan usia"",""jumlah_orang"":""Mulai dari 2 orang"",""jenis_layanan"":""Rias keluarga""}"
"6eedd62d-1c97-49e0-a696-424e53563ab4","797765f3-d010-4f11-ace5-cc30963983e4","Flawless Studio MUA","makeup_artist","Makeup Prewedding","Rias untuk sesi pemotretan prewedding, indoor maupun outdoor, dengan dua pilihan tatanan yang bisa diganti di tengah sesi.","550000.00","7","{""durasi"":""3-4 jam"",""fasilitas"":""Dua tatanan rambut, retouch selama sesi foto, dan konsultasi konsep bersama fotografer."",""gaya_makeup"":""Natural glow untuk kamera"",""jumlah_orang"":""2 orang (pasangan)"",""jenis_layanan"":""Rias prewedding""}"
"bb591f82-212d-44cc-bd9d-ed6f070c8726","797765f3-d010-4f11-ace5-cc30963983e4","Flawless Studio MUA","makeup_artist","Makeup Akad & Resepsi","Rias pengantin untuk dua sesi dalam satu hari, akad dan resepsi, termasuk satu kali ganti tatanan rambut dan retouch di sela acara.","900000.00","14","{""durasi"":""5-6 jam termasuk retouch"",""fasilitas"":""Trial makeup sekali sebelum hari-H, hairdo, softlens bening, bulu mata, dan asisten rias. Produk tahan air dan tahan keringat."",""gaya_makeup"":""Soft glam, flawless, tahan seharian"",""jumlah_orang"":""1 pengantin"",""jenis_layanan"":""Rias pengantin""}"
"bbd87ab2-9fd4-4577-9de5-311f9698b73f","797765f3-d010-4f11-ace5-cc30963983e4","Flawless Studio MUA","makeup_artist","Paket Rias Sehari Penuh","Tim rias menemani dari pagi sampai acara selesai: pengantin, keluarga inti, dan bridesmaid dikerjakan satu tim dalam satu hari.","1600000.00","21","{""durasi"":""Sejak pagi sampai acara selesai"",""fasilitas"":""Trial makeup, tim 3 perias, hairdo semua peserta, retouch tanpa batas selama acara, dan area rias portabel."",""gaya_makeup"":""Menyesuaikan tema acara"",""jumlah_orang"":""Pengantin + hingga 8 orang pendamping"",""jenis_layanan"":""Paket lengkap sehari""}"
"9e594684-15bc-441d-aec0-16e7f6c110b9","77573bb2-9a7f-4c87-8e1c-4ee4ea6e5b43","Glow & Glamour Studio","makeup_artist","Makeup Bridesmaid","Rias untuk bridesmaid atau pagar ayu, dengan tampilan seragam yang disesuaikan dengan warna gaun.","200000.00","5","{""durasi"":""30-40 menit per orang"",""fasilitas"":""Bulu mata, penataan rambut sederhana, dan penyesuaian warna lipstik dengan tema acara."",""gaya_makeup"":""Seragam, natural, tidak menyaingi pengantin"",""jumlah_orang"":""Mulai dari 3 orang"",""jenis_layanan"":""Rias bridesmaid""}"
"913113ac-56aa-496d-b431-77c0d7b65eb6","77573bb2-9a7f-4c87-8e1c-4ee4ea6e5b43","Glow & Glamour Studio","makeup_artist","Makeup Keluarga Inti","Rias untuk orang tua dan keluarga inti pengantin, dikerjakan berurutan di lokasi yang sama sebelum acara dimulai.","250000.00","7","{""durasi"":""45 menit per orang"",""fasilitas"":""Hairdo sanggul atau blow, dan penyesuaian warna dengan kebaya yang dipakai."",""gaya_makeup"":""Elegan, menyesuaikan usia"",""jumlah_orang"":""Mulai dari 2 orang"",""jenis_layanan"":""Rias keluarga""}"
"aa24584e-ec68-41c5-a160-38eedfff6f84","77573bb2-9a7f-4c87-8e1c-4ee4ea6e5b43","Glow & Glamour Studio","makeup_artist","Makeup Prewedding","Rias untuk sesi pemotretan prewedding, indoor maupun outdoor, dengan dua pilihan tatanan yang bisa diganti di tengah sesi.","300000.00","7","{""durasi"":""3-4 jam"",""fasilitas"":""Dua tatanan rambut, retouch selama sesi foto, dan konsultasi konsep bersama fotografer."",""gaya_makeup"":""Natural glow untuk kamera"",""jumlah_orang"":""2 orang (pasangan)"",""jenis_layanan"":""Rias prewedding""}"
"c402e9a1-adf4-4b4f-a916-1f65df3279dc","77573bb2-9a7f-4c87-8e1c-4ee4ea6e5b43","Glow & Glamour Studio","makeup_artist","Makeup Akad & Resepsi","Rias pengantin untuk dua sesi dalam satu hari, akad dan resepsi, termasuk satu kali ganti tatanan rambut dan retouch di sela acara.","500000.00","14","{""durasi"":""5-6 jam termasuk retouch"",""fasilitas"":""Trial makeup sekali sebelum hari-H, hairdo, softlens bening, bulu mata, dan asisten rias. Produk tahan air dan tahan keringat."",""gaya_makeup"":""Soft glam, flawless, tahan seharian"",""jumlah_orang"":""1 pengantin"",""jenis_layanan"":""Rias pengantin""}"
"34900ad2-7bf4-4321-ae50-5ae08504cd0b","77573bb2-9a7f-4c87-8e1c-4ee4ea6e5b43","Glow & Glamour Studio","makeup_artist","Paket Rias Sehari Penuh","Tim rias menemani dari pagi sampai acara selesai: pengantin, keluarga inti, dan bridesmaid dikerjakan satu tim dalam satu hari.","900000.00","21","{""durasi"":""Sejak pagi sampai acara selesai"",""fasilitas"":""Trial makeup, tim 3 perias, hairdo semua peserta, retouch tanpa batas selama acara, dan area rias portabel."",""gaya_makeup"":""Menyesuaikan tema acara"",""jumlah_orang"":""Pengantin + hingga 8 orang pendamping"",""jenis_layanan"":""Paket lengkap sehari""}"
"f06ab84a-82e4-4356-ba52-113d5b7cae17","fb3ff0a8-3b97-4674-a2d2-1b47f85c8e03","GlowUp Beauty","makeup_artist","Makeup Bridesmaid","Rias untuk bridesmaid atau pagar ayu, dengan tampilan seragam yang disesuaikan dengan warna gaun.","200000.00","5","{""durasi"":""30-40 menit per orang"",""fasilitas"":""Bulu mata, penataan rambut sederhana, dan penyesuaian warna lipstik dengan tema acara."",""gaya_makeup"":""Seragam, natural, tidak menyaingi pengantin"",""jumlah_orang"":""Mulai dari 3 orang"",""jenis_layanan"":""Rias bridesmaid""}"
"cfdccdb2-136b-4ea0-acfd-c5b5f9932c42","fb3ff0a8-3b97-4674-a2d2-1b47f85c8e03","GlowUp Beauty","makeup_artist","Makeup Keluarga Inti","Rias untuk orang tua dan keluarga inti pengantin, dikerjakan berurutan di lokasi yang sama sebelum acara dimulai.","250000.00","7","{""durasi"":""45 menit per orang"",""fasilitas"":""Hairdo sanggul atau blow, dan penyesuaian warna dengan kebaya yang dipakai."",""gaya_makeup"":""Elegan, menyesuaikan usia"",""jumlah_orang"":""Mulai dari 2 orang"",""jenis_layanan"":""Rias keluarga""}"
"5179478b-ab4d-43df-b410-c7a6e489ab02","fb3ff0a8-3b97-4674-a2d2-1b47f85c8e03","GlowUp Beauty","makeup_artist","Makeup Prewedding","Rias untuk sesi pemotretan prewedding, indoor maupun outdoor, dengan dua pilihan tatanan yang bisa diganti di tengah sesi.","300000.00","7","{""durasi"":""3-4 jam"",""fasilitas"":""Dua tatanan rambut, retouch selama sesi foto, dan konsultasi konsep bersama fotografer."",""gaya_makeup"":""Natural glow untuk kamera"",""jumlah_orang"":""2 orang (pasangan)"",""jenis_layanan"":""Rias prewedding""}"
"29dd60b4-e855-4f35-9bae-c04fe042e69c","fb3ff0a8-3b97-4674-a2d2-1b47f85c8e03","GlowUp Beauty","makeup_artist","Makeup Akad & Resepsi","Rias pengantin untuk dua sesi dalam satu hari, akad dan resepsi, termasuk satu kali ganti tatanan rambut dan retouch di sela acara.","500000.00","14","{""durasi"":""5-6 jam termasuk retouch"",""fasilitas"":""Trial makeup sekali sebelum hari-H, hairdo, softlens bening, bulu mata, dan asisten rias. Produk tahan air dan tahan keringat."",""gaya_makeup"":""Soft glam, flawless, tahan seharian"",""jumlah_orang"":""1 pengantin"",""jenis_layanan"":""Rias pengantin""}"
"cec0773a-5e6c-4a7d-8728-d498b648fbba","fb3ff0a8-3b97-4674-a2d2-1b47f85c8e03","GlowUp Beauty","makeup_artist","Paket Rias Sehari Penuh","Tim rias menemani dari pagi sampai acara selesai: pengantin, keluarga inti, dan bridesmaid dikerjakan satu tim dalam satu hari.","900000.00","21","{""durasi"":""Sejak pagi sampai acara selesai"",""fasilitas"":""Trial makeup, tim 3 perias, hairdo semua peserta, retouch tanpa batas selama acara, dan area rias portabel."",""gaya_makeup"":""Menyesuaikan tema acara"",""jumlah_orang"":""Pengantin + hingga 8 orang pendamping"",""jenis_layanan"":""Paket lengkap sehari""}"
"572e27cc-3328-478e-a42f-a894d54dbb39","5f03054f-8c6d-49be-9e0e-96255f239d10","Haute Beauty Artist","makeup_artist","Makeup Bridesmaid","Rias untuk bridesmaid atau pagar ayu, dengan tampilan seragam yang disesuaikan dengan warna gaun.","400000.00","5","{""durasi"":""30-40 menit per orang"",""fasilitas"":""Bulu mata, penataan rambut sederhana, dan penyesuaian warna lipstik dengan tema acara."",""gaya_makeup"":""Seragam, natural, tidak menyaingi pengantin"",""jumlah_orang"":""Mulai dari 3 orang"",""jenis_layanan"":""Rias bridesmaid""}"
"212dcd3f-9b0e-48a6-826d-956535cd2bc0","5f03054f-8c6d-49be-9e0e-96255f239d10","Haute Beauty Artist","makeup_artist","Makeup Keluarga Inti","Rias untuk orang tua dan keluarga inti pengantin, dikerjakan berurutan di lokasi yang sama sebelum acara dimulai.","500000.00","7","{""durasi"":""45 menit per orang"",""fasilitas"":""Hairdo sanggul atau blow, dan penyesuaian warna dengan kebaya yang dipakai."",""gaya_makeup"":""Elegan, menyesuaikan usia"",""jumlah_orang"":""Mulai dari 2 orang"",""jenis_layanan"":""Rias keluarga""}"
"3497d0ed-76ed-43a0-b8ce-bc318abb67ed","5f03054f-8c6d-49be-9e0e-96255f239d10","Haute Beauty Artist","makeup_artist","Makeup Prewedding","Rias untuk sesi pemotretan prewedding, indoor maupun outdoor, dengan dua pilihan tatanan yang bisa diganti di tengah sesi.","650000.00","7","{""durasi"":""3-4 jam"",""fasilitas"":""Dua tatanan rambut, retouch selama sesi foto, dan konsultasi konsep bersama fotografer."",""gaya_makeup"":""Natural glow untuk kamera"",""jumlah_orang"":""2 orang (pasangan)"",""jenis_layanan"":""Rias prewedding""}"
"9edfecc1-8168-4787-9cb5-33c8115f5f8c","5f03054f-8c6d-49be-9e0e-96255f239d10","Haute Beauty Artist","makeup_artist","Makeup Akad & Resepsi","Rias pengantin untuk dua sesi dalam satu hari, akad dan resepsi, termasuk satu kali ganti tatanan rambut dan retouch di sela acara.","1100000.00","14","{""durasi"":""5-6 jam termasuk retouch"",""fasilitas"":""Trial makeup sekali sebelum hari-H, hairdo, softlens bening, bulu mata, dan asisten rias. Produk tahan air dan tahan keringat."",""gaya_makeup"":""Soft glam, flawless, tahan seharian"",""jumlah_orang"":""1 pengantin"",""jenis_layanan"":""Rias pengantin""}"
"c9e23507-2ef3-434f-89ca-1c24a1dd50d4","5f03054f-8c6d-49be-9e0e-96255f239d10","Haute Beauty Artist","makeup_artist","Paket Rias Sehari Penuh","Tim rias menemani dari pagi sampai acara selesai: pengantin, keluarga inti, dan bridesmaid dikerjakan satu tim dalam satu hari.","2000000.00","21","{""durasi"":""Sejak pagi sampai acara selesai"",""fasilitas"":""Trial makeup, tim 3 perias, hairdo semua peserta, retouch tanpa batas selama acara, dan area rias portabel."",""gaya_makeup"":""Menyesuaikan tema acara"",""jumlah_orang"":""Pengantin + hingga 8 orang pendamping"",""jenis_layanan"":""Paket lengkap sehari""}"
"0a7663ef-bade-4a25-b209-19ea33c0879b","31013e17-6a6f-4745-bcb3-9622218566b2","Indah Beauty Studio","makeup_artist","Makeup Bridesmaid","Rias untuk bridesmaid atau pagar ayu, dengan tampilan seragam yang disesuaikan dengan warna gaun.","150000.00","5","{""durasi"":""30-40 menit per orang"",""fasilitas"":""Bulu mata, penataan rambut sederhana, dan penyesuaian warna lipstik dengan tema acara."",""gaya_makeup"":""Seragam, natural, tidak menyaingi pengantin"",""jumlah_orang"":""Mulai dari 3 orang"",""jenis_layanan"":""Rias bridesmaid""}"
"f203ef4e-f4ea-4d61-a903-f5f12b17ed07","31013e17-6a6f-4745-bcb3-9622218566b2","Indah Beauty Studio","makeup_artist","Makeup Keluarga Inti","Rias untuk orang tua dan keluarga inti pengantin, dikerjakan berurutan di lokasi yang sama sebelum acara dimulai.","200000.00","7","{""durasi"":""45 menit per orang"",""fasilitas"":""Hairdo sanggul atau blow, dan penyesuaian warna dengan kebaya yang dipakai."",""gaya_makeup"":""Elegan, menyesuaikan usia"",""jumlah_orang"":""Mulai dari 2 orang"",""jenis_layanan"":""Rias keluarga""}"
"63fb4d67-ee30-4c0e-87ac-6b1c49b463d3","31013e17-6a6f-4745-bcb3-9622218566b2","Indah Beauty Studio","makeup_artist","Makeup Prewedding","Rias untuk sesi pemotretan prewedding, indoor maupun outdoor, dengan dua pilihan tatanan yang bisa diganti di tengah sesi.","300000.00","7","{""durasi"":""3-4 jam"",""fasilitas"":""Dua tatanan rambut, retouch selama sesi foto, dan konsultasi konsep bersama fotografer."",""gaya_makeup"":""Natural glow untuk kamera"",""jumlah_orang"":""2 orang (pasangan)"",""jenis_layanan"":""Rias prewedding""}"
"67d2b3d7-9840-4a8e-91f8-12b622f66cae","31013e17-6a6f-4745-bcb3-9622218566b2","Indah Beauty Studio","makeup_artist","Makeup Akad & Resepsi","Rias pengantin untuk dua sesi dalam satu hari, akad dan resepsi, termasuk satu kali ganti tatanan rambut dan retouch di sela acara.","500000.00","14","{""durasi"":""5-6 jam termasuk retouch"",""fasilitas"":""Trial makeup sekali sebelum hari-H, hairdo, softlens bening, bulu mata, dan asisten rias. Produk tahan air dan tahan keringat."",""gaya_makeup"":""Soft glam, flawless, tahan seharian"",""jumlah_orang"":""1 pengantin"",""jenis_layanan"":""Rias pengantin""}"
"46a19d91-eb02-499a-b6c1-3930fad9f571","31013e17-6a6f-4745-bcb3-9622218566b2","Indah Beauty Studio","makeup_artist","Paket Rias Sehari Penuh","Tim rias menemani dari pagi sampai acara selesai: pengantin, keluarga inti, dan bridesmaid dikerjakan satu tim dalam satu hari.","850000.00","21","{""durasi"":""Sejak pagi sampai acara selesai"",""fasilitas"":""Trial makeup, tim 3 perias, hairdo semua peserta, retouch tanpa batas selama acara, dan area rias portabel."",""gaya_makeup"":""Menyesuaikan tema acara"",""jumlah_orang"":""Pengantin + hingga 8 orang pendamping"",""jenis_layanan"":""Paket lengkap sehari""}"
"1fa6dae6-8ebb-433b-b019-1351af30066c","b1b216c7-15e4-46e9-a051-cb6356dedd71","Javanese Beauty MUA","makeup_artist","Makeup Bridesmaid","Rias untuk bridesmaid atau pagar ayu, dengan tampilan seragam yang disesuaikan dengan warna gaun.","200000.00","5","{""durasi"":""30-40 menit per orang"",""fasilitas"":""Bulu mata, penataan rambut sederhana, dan penyesuaian warna lipstik dengan tema acara."",""gaya_makeup"":""Seragam, natural, tidak menyaingi pengantin"",""jumlah_orang"":""Mulai dari 3 orang"",""jenis_layanan"":""Rias bridesmaid""}"
"738ed797-0dc1-4950-9709-c4f0cb9b1bbc","b1b216c7-15e4-46e9-a051-cb6356dedd71","Javanese Beauty MUA","makeup_artist","Makeup Keluarga Inti","Rias untuk orang tua dan keluarga inti pengantin, dikerjakan berurutan di lokasi yang sama sebelum acara dimulai.","250000.00","7","{""durasi"":""45 menit per orang"",""fasilitas"":""Hairdo sanggul atau blow, dan penyesuaian warna dengan kebaya yang dipakai."",""gaya_makeup"":""Elegan, menyesuaikan usia"",""jumlah_orang"":""Mulai dari 2 orang"",""jenis_layanan"":""Rias keluarga""}"
"f1490d4d-4e41-4826-886a-58e4e07820d1","b1b216c7-15e4-46e9-a051-cb6356dedd71","Javanese Beauty MUA","makeup_artist","Makeup Prewedding","Rias untuk sesi pemotretan prewedding, indoor maupun outdoor, dengan dua pilihan tatanan yang bisa diganti di tengah sesi.","350000.00","7","{""durasi"":""3-4 jam"",""fasilitas"":""Dua tatanan rambut, retouch selama sesi foto, dan konsultasi konsep bersama fotografer."",""gaya_makeup"":""Natural glow untuk kamera"",""jumlah_orang"":""2 orang (pasangan)"",""jenis_layanan"":""Rias prewedding""}"
"3a6a2878-726c-44a2-8b81-68e8fcf0f26b","b1b216c7-15e4-46e9-a051-cb6356dedd71","Javanese Beauty MUA","makeup_artist","Makeup Akad & Resepsi","Rias pengantin untuk dua sesi dalam satu hari, akad dan resepsi, termasuk satu kali ganti tatanan rambut dan retouch di sela acara.","550000.00","14","{""durasi"":""5-6 jam termasuk retouch"",""fasilitas"":""Trial makeup sekali sebelum hari-H, hairdo, softlens bening, bulu mata, dan asisten rias. Produk tahan air dan tahan keringat."",""gaya_makeup"":""Soft glam, flawless, tahan seharian"",""jumlah_orang"":""1 pengantin"",""jenis_layanan"":""Rias pengantin""}"
"338abcd1-42c4-410d-b3ea-05e0da33fd30","b1b216c7-15e4-46e9-a051-cb6356dedd71","Javanese Beauty MUA","makeup_artist","Paket Rias Sehari Penuh","Tim rias menemani dari pagi sampai acara selesai: pengantin, keluarga inti, dan bridesmaid dikerjakan satu tim dalam satu hari.","1000000.00","21","{""durasi"":""Sejak pagi sampai acara selesai"",""fasilitas"":""Trial makeup, tim 3 perias, hairdo semua peserta, retouch tanpa batas selama acara, dan area rias portabel."",""gaya_makeup"":""Menyesuaikan tema acara"",""jumlah_orang"":""Pengantin + hingga 8 orang pendamping"",""jenis_layanan"":""Paket lengkap sehari""}"
"9204d1b2-aaba-473a-bd4d-f75face26c6d","0aad72e0-933e-4cdb-b904-22e841f83aa0","Kiara Beauty Studio","makeup_artist","Makeup Bridesmaid","Rias untuk bridesmaid atau pagar ayu, dengan tampilan seragam yang disesuaikan dengan warna gaun.","250000.00","5","{""durasi"":""30-40 menit per orang"",""fasilitas"":""Bulu mata, penataan rambut sederhana, dan penyesuaian warna lipstik dengan tema acara."",""gaya_makeup"":""Seragam, natural, tidak menyaingi pengantin"",""jumlah_orang"":""Mulai dari 3 orang"",""jenis_layanan"":""Rias bridesmaid""}"
"0e6e8d0f-768c-41b7-91b3-0c2281684988","0aad72e0-933e-4cdb-b904-22e841f83aa0","Kiara Beauty Studio","makeup_artist","Makeup Keluarga Inti","Rias untuk orang tua dan keluarga inti pengantin, dikerjakan berurutan di lokasi yang sama sebelum acara dimulai.","350000.00","7","{""durasi"":""45 menit per orang"",""fasilitas"":""Hairdo sanggul atau blow, dan penyesuaian warna dengan kebaya yang dipakai."",""gaya_makeup"":""Elegan, menyesuaikan usia"",""jumlah_orang"":""Mulai dari 2 orang"",""jenis_layanan"":""Rias keluarga""}"
"3f864a6d-0b5e-4d6a-9aa8-3d5dab37ae6a","0aad72e0-933e-4cdb-b904-22e841f83aa0","Kiara Beauty Studio","makeup_artist","Makeup Prewedding","Rias untuk sesi pemotretan prewedding, indoor maupun outdoor, dengan dua pilihan tatanan yang bisa diganti di tengah sesi.","450000.00","7","{""durasi"":""3-4 jam"",""fasilitas"":""Dua tatanan rambut, retouch selama sesi foto, dan konsultasi konsep bersama fotografer."",""gaya_makeup"":""Natural glow untuk kamera"",""jumlah_orang"":""2 orang (pasangan)"",""jenis_layanan"":""Rias prewedding""}"
"86a67d5b-16c5-4d9b-a8f3-d0f8a71f7a36","0aad72e0-933e-4cdb-b904-22e841f83aa0","Kiara Beauty Studio","makeup_artist","Makeup Akad & Resepsi","Rias pengantin untuk dua sesi dalam satu hari, akad dan resepsi, termasuk satu kali ganti tatanan rambut dan retouch di sela acara.","750000.00","14","{""durasi"":""5-6 jam termasuk retouch"",""fasilitas"":""Trial makeup sekali sebelum hari-H, hairdo, softlens bening, bulu mata, dan asisten rias. Produk tahan air dan tahan keringat."",""gaya_makeup"":""Soft glam, flawless, tahan seharian"",""jumlah_orang"":""1 pengantin"",""jenis_layanan"":""Rias pengantin""}"
"9d295030-1e54-4bdb-8430-d2b1125ed63d","0aad72e0-933e-4cdb-b904-22e841f83aa0","Kiara Beauty Studio","makeup_artist","Paket Rias Sehari Penuh","Tim rias menemani dari pagi sampai acara selesai: pengantin, keluarga inti, dan bridesmaid dikerjakan satu tim dalam satu hari.","1350000.00","21","{""durasi"":""Sejak pagi sampai acara selesai"",""fasilitas"":""Trial makeup, tim 3 perias, hairdo semua peserta, retouch tanpa batas selama acara, dan area rias portabel."",""gaya_makeup"":""Menyesuaikan tema acara"",""jumlah_orang"":""Pengantin + hingga 8 orang pendamping"",""jenis_layanan"":""Paket lengkap sehari""}"
"df00d70c-98b9-4b21-8f53-477b0f8b2e2a","ee88584c-e2de-4a07-802c-1b2d6e8329ff","Lux Beauty Artist","makeup_artist","Makeup Bridesmaid","Rias untuk bridesmaid atau pagar ayu, dengan tampilan seragam yang disesuaikan dengan warna gaun.","250000.00","5","{""durasi"":""30-40 menit per orang"",""fasilitas"":""Bulu mata, penataan rambut sederhana, dan penyesuaian warna lipstik dengan tema acara."",""gaya_makeup"":""Seragam, natural, tidak menyaingi pengantin"",""jumlah_orang"":""Mulai dari 3 orang"",""jenis_layanan"":""Rias bridesmaid""}"
"e7a4baf6-0b74-48a6-8e26-92771820e76a","ee88584c-e2de-4a07-802c-1b2d6e8329ff","Lux Beauty Artist","makeup_artist","Makeup Keluarga Inti","Rias untuk orang tua dan keluarga inti pengantin, dikerjakan berurutan di lokasi yang sama sebelum acara dimulai.","300000.00","7","{""durasi"":""45 menit per orang"",""fasilitas"":""Hairdo sanggul atau blow, dan penyesuaian warna dengan kebaya yang dipakai."",""gaya_makeup"":""Elegan, menyesuaikan usia"",""jumlah_orang"":""Mulai dari 2 orang"",""jenis_layanan"":""Rias keluarga""}"
"6ddebb1f-af77-4f96-9169-ca9e024e6154","ee88584c-e2de-4a07-802c-1b2d6e8329ff","Lux Beauty Artist","makeup_artist","Makeup Prewedding","Rias untuk sesi pemotretan prewedding, indoor maupun outdoor, dengan dua pilihan tatanan yang bisa diganti di tengah sesi.","400000.00","7","{""durasi"":""3-4 jam"",""fasilitas"":""Dua tatanan rambut, retouch selama sesi foto, dan konsultasi konsep bersama fotografer."",""gaya_makeup"":""Natural glow untuk kamera"",""jumlah_orang"":""2 orang (pasangan)"",""jenis_layanan"":""Rias prewedding""}"
"f182e4af-fe62-4e75-afb9-ca4dfaa96f7c","ee88584c-e2de-4a07-802c-1b2d6e8329ff","Lux Beauty Artist","makeup_artist","Makeup Akad & Resepsi","Rias pengantin untuk dua sesi dalam satu hari, akad dan resepsi, termasuk satu kali ganti tatanan rambut dan retouch di sela acara.","650000.00","14","{""durasi"":""5-6 jam termasuk retouch"",""fasilitas"":""Trial makeup sekali sebelum hari-H, hairdo, softlens bening, bulu mata, dan asisten rias. Produk tahan air dan tahan keringat."",""gaya_makeup"":""Soft glam, flawless, tahan seharian"",""jumlah_orang"":""1 pengantin"",""jenis_layanan"":""Rias pengantin""}"
"816ea147-2e81-428f-8007-15f47b40fab4","ee88584c-e2de-4a07-802c-1b2d6e8329ff","Lux Beauty Artist","makeup_artist","Paket Rias Sehari Penuh","Tim rias menemani dari pagi sampai acara selesai: pengantin, keluarga inti, dan bridesmaid dikerjakan satu tim dalam satu hari.","1150000.00","21","{""durasi"":""Sejak pagi sampai acara selesai"",""fasilitas"":""Trial makeup, tim 3 perias, hairdo semua peserta, retouch tanpa batas selama acara, dan area rias portabel."",""gaya_makeup"":""Menyesuaikan tema acara"",""jumlah_orang"":""Pengantin + hingga 8 orang pendamping"",""jenis_layanan"":""Paket lengkap sehari""}"
"bc4d19a7-06ae-48bf-8f10-2fabcc9009df","14d1555a-4d8b-4bbd-8255-f999ebdf900c","Mira Beauty Studio","makeup_artist","Makeup Bridesmaid","Rias untuk bridesmaid atau pagar ayu, dengan tampilan seragam yang disesuaikan dengan warna gaun.","200000.00","5","{""durasi"":""30-40 menit per orang"",""fasilitas"":""Bulu mata, penataan rambut sederhana, dan penyesuaian warna lipstik dengan tema acara."",""gaya_makeup"":""Seragam, natural, tidak menyaingi pengantin"",""jumlah_orang"":""Mulai dari 3 orang"",""jenis_layanan"":""Rias bridesmaid""}"
"5d8abe4a-12a1-4217-ac86-24fd1e22d89d","14d1555a-4d8b-4bbd-8255-f999ebdf900c","Mira Beauty Studio","makeup_artist","Makeup Keluarga Inti","Rias untuk orang tua dan keluarga inti pengantin, dikerjakan berurutan di lokasi yang sama sebelum acara dimulai.","250000.00","7","{""durasi"":""45 menit per orang"",""fasilitas"":""Hairdo sanggul atau blow, dan penyesuaian warna dengan kebaya yang dipakai."",""gaya_makeup"":""Elegan, menyesuaikan usia"",""jumlah_orang"":""Mulai dari 2 orang"",""jenis_layanan"":""Rias keluarga""}"
"405a4308-3343-4e59-aa00-c9fd0c88efba","14d1555a-4d8b-4bbd-8255-f999ebdf900c","Mira Beauty Studio","makeup_artist","Makeup Prewedding","Rias untuk sesi pemotretan prewedding, indoor maupun outdoor, dengan dua pilihan tatanan yang bisa diganti di tengah sesi.","300000.00","7","{""durasi"":""3-4 jam"",""fasilitas"":""Dua tatanan rambut, retouch selama sesi foto, dan konsultasi konsep bersama fotografer."",""gaya_makeup"":""Natural glow untuk kamera"",""jumlah_orang"":""2 orang (pasangan)"",""jenis_layanan"":""Rias prewedding""}"
"abcf45ef-bca4-4151-a5c1-0cf38a359508","14d1555a-4d8b-4bbd-8255-f999ebdf900c","Mira Beauty Studio","makeup_artist","Makeup Akad & Resepsi","Rias pengantin untuk dua sesi dalam satu hari, akad dan resepsi, termasuk satu kali ganti tatanan rambut dan retouch di sela acara.","500000.00","14","{""durasi"":""5-6 jam termasuk retouch"",""fasilitas"":""Trial makeup sekali sebelum hari-H, hairdo, softlens bening, bulu mata, dan asisten rias. Produk tahan air dan tahan keringat."",""gaya_makeup"":""Soft glam, flawless, tahan seharian"",""jumlah_orang"":""1 pengantin"",""jenis_layanan"":""Rias pengantin""}"
"7c6d9009-c2e2-4544-b7b5-663ad221c7cd","14d1555a-4d8b-4bbd-8255-f999ebdf900c","Mira Beauty Studio","makeup_artist","Paket Rias Sehari Penuh","Tim rias menemani dari pagi sampai acara selesai: pengantin, keluarga inti, dan bridesmaid dikerjakan satu tim dalam satu hari.","900000.00","21","{""durasi"":""Sejak pagi sampai acara selesai"",""fasilitas"":""Trial makeup, tim 3 perias, hairdo semua peserta, retouch tanpa batas selama acara, dan area rias portabel."",""gaya_makeup"":""Menyesuaikan tema acara"",""jumlah_orang"":""Pengantin + hingga 8 orang pendamping"",""jenis_layanan"":""Paket lengkap sehari""}"
"327143f6-67a3-42c5-b2b6-8cf1e56c3262","6fd66ad6-50b2-4f18-9b89-78aa91b2e383","Naura Makeup Artist","makeup_artist","Makeup Bridesmaid","Rias untuk bridesmaid atau pagar ayu, dengan tampilan seragam yang disesuaikan dengan warna gaun.","200000.00","5","{""durasi"":""30-40 menit per orang"",""fasilitas"":""Bulu mata, penataan rambut sederhana, dan penyesuaian warna lipstik dengan tema acara."",""gaya_makeup"":""Seragam, natural, tidak menyaingi pengantin"",""jumlah_orang"":""Mulai dari 3 orang"",""jenis_layanan"":""Rias bridesmaid""}"
"9335e7ef-90b5-4074-885c-180cf82e7da0","6fd66ad6-50b2-4f18-9b89-78aa91b2e383","Naura Makeup Artist","makeup_artist","Makeup Keluarga Inti","Rias untuk orang tua dan keluarga inti pengantin, dikerjakan berurutan di lokasi yang sama sebelum acara dimulai.","250000.00","7","{""durasi"":""45 menit per orang"",""fasilitas"":""Hairdo sanggul atau blow, dan penyesuaian warna dengan kebaya yang dipakai."",""gaya_makeup"":""Elegan, menyesuaikan usia"",""jumlah_orang"":""Mulai dari 2 orang"",""jenis_layanan"":""Rias keluarga""}"
"a332ff50-779d-4306-962e-0fb124d2e643","6fd66ad6-50b2-4f18-9b89-78aa91b2e383","Naura Makeup Artist","makeup_artist","Makeup Prewedding","Rias untuk sesi pemotretan prewedding, indoor maupun outdoor, dengan dua pilihan tatanan yang bisa diganti di tengah sesi.","350000.00","7","{""durasi"":""3-4 jam"",""fasilitas"":""Dua tatanan rambut, retouch selama sesi foto, dan konsultasi konsep bersama fotografer."",""gaya_makeup"":""Natural glow untuk kamera"",""jumlah_orang"":""2 orang (pasangan)"",""jenis_layanan"":""Rias prewedding""}"
"4654b605-d762-4035-97b1-419720ce9d4e","6fd66ad6-50b2-4f18-9b89-78aa91b2e383","Naura Makeup Artist","makeup_artist","Makeup Akad & Resepsi","Rias pengantin untuk dua sesi dalam satu hari, akad dan resepsi, termasuk satu kali ganti tatanan rambut dan retouch di sela acara.","600000.00","14","{""durasi"":""5-6 jam termasuk retouch"",""fasilitas"":""Trial makeup sekali sebelum hari-H, hairdo, softlens bening, bulu mata, dan asisten rias. Produk tahan air dan tahan keringat."",""gaya_makeup"":""Soft glam, flawless, tahan seharian"",""jumlah_orang"":""1 pengantin"",""jenis_layanan"":""Rias pengantin""}"
"eb3f7d0d-faa5-460c-a69e-0d00396ff37b","6fd66ad6-50b2-4f18-9b89-78aa91b2e383","Naura Makeup Artist","makeup_artist","Paket Rias Sehari Penuh","Tim rias menemani dari pagi sampai acara selesai: pengantin, keluarga inti, dan bridesmaid dikerjakan satu tim dalam satu hari.","1050000.00","21","{""durasi"":""Sejak pagi sampai acara selesai"",""fasilitas"":""Trial makeup, tim 3 perias, hairdo semua peserta, retouch tanpa batas selama acara, dan area rias portabel."",""gaya_makeup"":""Menyesuaikan tema acara"",""jumlah_orang"":""Pengantin + hingga 8 orang pendamping"",""jenis_layanan"":""Paket lengkap sehari""}"
"711d2953-02b4-49b5-9c14-5d5484eba217","532aa709-3697-4f24-b39d-7ef21ba3471a","Olive Beauty Studio","makeup_artist","Makeup Bridesmaid","Rias untuk bridesmaid atau pagar ayu, dengan tampilan seragam yang disesuaikan dengan warna gaun.","250000.00","5","{""durasi"":""30-40 menit per orang"",""fasilitas"":""Bulu mata, penataan rambut sederhana, dan penyesuaian warna lipstik dengan tema acara."",""gaya_makeup"":""Seragam, natural, tidak menyaingi pengantin"",""jumlah_orang"":""Mulai dari 3 orang"",""jenis_layanan"":""Rias bridesmaid""}"
"cfa2567a-8bb4-4ccd-b928-1d93dfa920ed","532aa709-3697-4f24-b39d-7ef21ba3471a","Olive Beauty Studio","makeup_artist","Makeup Keluarga Inti","Rias untuk orang tua dan keluarga inti pengantin, dikerjakan berurutan di lokasi yang sama sebelum acara dimulai.","300000.00","7","{""durasi"":""45 menit per orang"",""fasilitas"":""Hairdo sanggul atau blow, dan penyesuaian warna dengan kebaya yang dipakai."",""gaya_makeup"":""Elegan, menyesuaikan usia"",""jumlah_orang"":""Mulai dari 2 orang"",""jenis_layanan"":""Rias keluarga""}"
"582cc23f-476d-44b1-a7de-1f6441d5f6aa","532aa709-3697-4f24-b39d-7ef21ba3471a","Olive Beauty Studio","makeup_artist","Makeup Prewedding","Rias untuk sesi pemotretan prewedding, indoor maupun outdoor, dengan dua pilihan tatanan yang bisa diganti di tengah sesi.","400000.00","7","{""durasi"":""3-4 jam"",""fasilitas"":""Dua tatanan rambut, retouch selama sesi foto, dan konsultasi konsep bersama fotografer."",""gaya_makeup"":""Natural glow untuk kamera"",""jumlah_orang"":""2 orang (pasangan)"",""jenis_layanan"":""Rias prewedding""}"
"97854e82-2407-484a-bf77-47c66484cbf4","532aa709-3697-4f24-b39d-7ef21ba3471a","Olive Beauty Studio","makeup_artist","Makeup Akad & Resepsi","Rias pengantin untuk dua sesi dalam satu hari, akad dan resepsi, termasuk satu kali ganti tatanan rambut dan retouch di sela acara.","700000.00","14","{""durasi"":""5-6 jam termasuk retouch"",""fasilitas"":""Trial makeup sekali sebelum hari-H, hairdo, softlens bening, bulu mata, dan asisten rias. Produk tahan air dan tahan keringat."",""gaya_makeup"":""Soft glam, flawless, tahan seharian"",""jumlah_orang"":""1 pengantin"",""jenis_layanan"":""Rias pengantin""}"
"b94b2009-8799-4510-9f89-700572dcc84c","532aa709-3697-4f24-b39d-7ef21ba3471a","Olive Beauty Studio","makeup_artist","Paket Rias Sehari Penuh","Tim rias menemani dari pagi sampai acara selesai: pengantin, keluarga inti, dan bridesmaid dikerjakan satu tim dalam satu hari.","1250000.00","21","{""durasi"":""Sejak pagi sampai acara selesai"",""fasilitas"":""Trial makeup, tim 3 perias, hairdo semua peserta, retouch tanpa batas selama acara, dan area rias portabel."",""gaya_makeup"":""Menyesuaikan tema acara"",""jumlah_orang"":""Pengantin + hingga 8 orang pendamping"",""jenis_layanan"":""Paket lengkap sehari""}"
"7d96f82b-fba9-4aed-9982-29d53024d45a","34a1003f-0bf3-42db-b691-aad3bea6bd3a","Prestige Beauty MUA","makeup_artist","Makeup Bridesmaid","Rias untuk bridesmaid atau pagar ayu, dengan tampilan seragam yang disesuaikan dengan warna gaun.","400000.00","5","{""durasi"":""30-40 menit per orang"",""fasilitas"":""Bulu mata, penataan rambut sederhana, dan penyesuaian warna lipstik dengan tema acara."",""gaya_makeup"":""Seragam, natural, tidak menyaingi pengantin"",""jumlah_orang"":""Mulai dari 3 orang"",""jenis_layanan"":""Rias bridesmaid""}"
"06909577-3216-4e83-891c-ae5aed6c92c6","34a1003f-0bf3-42db-b691-aad3bea6bd3a","Prestige Beauty MUA","makeup_artist","Makeup Keluarga Inti","Rias untuk orang tua dan keluarga inti pengantin, dikerjakan berurutan di lokasi yang sama sebelum acara dimulai.","550000.00","7","{""durasi"":""45 menit per orang"",""fasilitas"":""Hairdo sanggul atau blow, dan penyesuaian warna dengan kebaya yang dipakai."",""gaya_makeup"":""Elegan, menyesuaikan usia"",""jumlah_orang"":""Mulai dari 2 orang"",""jenis_layanan"":""Rias keluarga""}"
"3d50e506-f3bb-4e1c-97c5-433f7cc65664","34a1003f-0bf3-42db-b691-aad3bea6bd3a","Prestige Beauty MUA","makeup_artist","Makeup Prewedding","Rias untuk sesi pemotretan prewedding, indoor maupun outdoor, dengan dua pilihan tatanan yang bisa diganti di tengah sesi.","700000.00","7","{""durasi"":""3-4 jam"",""fasilitas"":""Dua tatanan rambut, retouch selama sesi foto, dan konsultasi konsep bersama fotografer."",""gaya_makeup"":""Natural glow untuk kamera"",""jumlah_orang"":""2 orang (pasangan)"",""jenis_layanan"":""Rias prewedding""}"
"e0a65874-ebaf-4cd4-9666-93c67e3c9043","34a1003f-0bf3-42db-b691-aad3bea6bd3a","Prestige Beauty MUA","makeup_artist","Makeup Akad & Resepsi","Rias pengantin untuk dua sesi dalam satu hari, akad dan resepsi, termasuk satu kali ganti tatanan rambut dan retouch di sela acara.","1200000.00","14","{""durasi"":""5-6 jam termasuk retouch"",""fasilitas"":""Trial makeup sekali sebelum hari-H, hairdo, softlens bening, bulu mata, dan asisten rias. Produk tahan air dan tahan keringat."",""gaya_makeup"":""Soft glam, flawless, tahan seharian"",""jumlah_orang"":""1 pengantin"",""jenis_layanan"":""Rias pengantin""}"
"98b9fa90-ef99-4880-bad2-90638d57474c","34a1003f-0bf3-42db-b691-aad3bea6bd3a","Prestige Beauty MUA","makeup_artist","Paket Rias Sehari Penuh","Tim rias menemani dari pagi sampai acara selesai: pengantin, keluarga inti, dan bridesmaid dikerjakan satu tim dalam satu hari.","2150000.00","21","{""durasi"":""Sejak pagi sampai acara selesai"",""fasilitas"":""Trial makeup, tim 3 perias, hairdo semua peserta, retouch tanpa batas selama acara, dan area rias portabel."",""gaya_makeup"":""Menyesuaikan tema acara"",""jumlah_orang"":""Pengantin + hingga 8 orang pendamping"",""jenis_layanan"":""Paket lengkap sehari""}"
"45ad10dd-63a9-424e-a4c6-cf88775cacd9","4830cf78-e397-4c55-a90a-ed8c8af91744","Queen Glam Studio","makeup_artist","Makeup Bridesmaid","Rias untuk bridesmaid atau pagar ayu, dengan tampilan seragam yang disesuaikan dengan warna gaun.","300000.00","5","{""durasi"":""30-40 menit per orang"",""fasilitas"":""Bulu mata, penataan rambut sederhana, dan penyesuaian warna lipstik dengan tema acara."",""gaya_makeup"":""Seragam, natural, tidak menyaingi pengantin"",""jumlah_orang"":""Mulai dari 3 orang"",""jenis_layanan"":""Rias bridesmaid""}"
"840c95d0-b637-4acc-9ec7-41c924cef9c6","4830cf78-e397-4c55-a90a-ed8c8af91744","Queen Glam Studio","makeup_artist","Makeup Keluarga Inti","Rias untuk orang tua dan keluarga inti pengantin, dikerjakan berurutan di lokasi yang sama sebelum acara dimulai.","350000.00","7","{""durasi"":""45 menit per orang"",""fasilitas"":""Hairdo sanggul atau blow, dan penyesuaian warna dengan kebaya yang dipakai."",""gaya_makeup"":""Elegan, menyesuaikan usia"",""jumlah_orang"":""Mulai dari 2 orang"",""jenis_layanan"":""Rias keluarga""}"
"92a6210f-939a-4ffa-ab44-efa8fb45e4de","4830cf78-e397-4c55-a90a-ed8c8af91744","Queen Glam Studio","makeup_artist","Makeup Prewedding","Rias untuk sesi pemotretan prewedding, indoor maupun outdoor, dengan dua pilihan tatanan yang bisa diganti di tengah sesi.","500000.00","7","{""durasi"":""3-4 jam"",""fasilitas"":""Dua tatanan rambut, retouch selama sesi foto, dan konsultasi konsep bersama fotografer."",""gaya_makeup"":""Natural glow untuk kamera"",""jumlah_orang"":""2 orang (pasangan)"",""jenis_layanan"":""Rias prewedding""}"
"2859d14f-aa59-4e63-bf39-18c6cac96e2f","4830cf78-e397-4c55-a90a-ed8c8af91744","Queen Glam Studio","makeup_artist","Makeup Akad & Resepsi","Rias pengantin untuk dua sesi dalam satu hari, akad dan resepsi, termasuk satu kali ganti tatanan rambut dan retouch di sela acara.","800000.00","14","{""durasi"":""5-6 jam termasuk retouch"",""fasilitas"":""Trial makeup sekali sebelum hari-H, hairdo, softlens bening, bulu mata, dan asisten rias. Produk tahan air dan tahan keringat."",""gaya_makeup"":""Soft glam, flawless, tahan seharian"",""jumlah_orang"":""1 pengantin"",""jenis_layanan"":""Rias pengantin""}"
"206f6706-c7f4-4b01-a35b-50e8274ab64e","4830cf78-e397-4c55-a90a-ed8c8af91744","Queen Glam Studio","makeup_artist","Paket Rias Sehari Penuh","Tim rias menemani dari pagi sampai acara selesai: pengantin, keluarga inti, dan bridesmaid dikerjakan satu tim dalam satu hari.","1450000.00","21","{""durasi"":""Sejak pagi sampai acara selesai"",""fasilitas"":""Trial makeup, tim 3 perias, hairdo semua peserta, retouch tanpa batas selama acara, dan area rias portabel."",""gaya_makeup"":""Menyesuaikan tema acara"",""jumlah_orang"":""Pengantin + hingga 8 orang pendamping"",""jenis_layanan"":""Paket lengkap sehari""}"
"3007fafe-4214-4ad7-966b-4ba1b53baaa9","d8cdaa59-dfe2-4f27-b30b-d6669ef087a5","Radiant Beauty Artist","makeup_artist","Makeup Bridesmaid","Rias untuk bridesmaid atau pagar ayu, dengan tampilan seragam yang disesuaikan dengan warna gaun.","250000.00","5","{""durasi"":""30-40 menit per orang"",""fasilitas"":""Bulu mata, penataan rambut sederhana, dan penyesuaian warna lipstik dengan tema acara."",""gaya_makeup"":""Seragam, natural, tidak menyaingi pengantin"",""jumlah_orang"":""Mulai dari 3 orang"",""jenis_layanan"":""Rias bridesmaid""}"
"528ff6f3-4613-460c-844d-21b5b4a0dce0","d8cdaa59-dfe2-4f27-b30b-d6669ef087a5","Radiant Beauty Artist","makeup_artist","Makeup Keluarga Inti","Rias untuk orang tua dan keluarga inti pengantin, dikerjakan berurutan di lokasi yang sama sebelum acara dimulai.","300000.00","7","{""durasi"":""45 menit per orang"",""fasilitas"":""Hairdo sanggul atau blow, dan penyesuaian warna dengan kebaya yang dipakai."",""gaya_makeup"":""Elegan, menyesuaikan usia"",""jumlah_orang"":""Mulai dari 2 orang"",""jenis_layanan"":""Rias keluarga""}"
"c792b098-919b-4ba8-88e4-efa1826c2689","d8cdaa59-dfe2-4f27-b30b-d6669ef087a5","Radiant Beauty Artist","makeup_artist","Makeup Prewedding","Rias untuk sesi pemotretan prewedding, indoor maupun outdoor, dengan dua pilihan tatanan yang bisa diganti di tengah sesi.","400000.00","7","{""durasi"":""3-4 jam"",""fasilitas"":""Dua tatanan rambut, retouch selama sesi foto, dan konsultasi konsep bersama fotografer."",""gaya_makeup"":""Natural glow untuk kamera"",""jumlah_orang"":""2 orang (pasangan)"",""jenis_layanan"":""Rias prewedding""}"
"766be959-2939-44ad-89c0-ff193136f1da","d8cdaa59-dfe2-4f27-b30b-d6669ef087a5","Radiant Beauty Artist","makeup_artist","Makeup Akad & Resepsi","Rias pengantin untuk dua sesi dalam satu hari, akad dan resepsi, termasuk satu kali ganti tatanan rambut dan retouch di sela acara.","650000.00","14","{""durasi"":""5-6 jam termasuk retouch"",""fasilitas"":""Trial makeup sekali sebelum hari-H, hairdo, softlens bening, bulu mata, dan asisten rias. Produk tahan air dan tahan keringat."",""gaya_makeup"":""Soft glam, flawless, tahan seharian"",""jumlah_orang"":""1 pengantin"",""jenis_layanan"":""Rias pengantin""}"
"97d35c78-4eae-42e6-bf58-789011f8f328","d8cdaa59-dfe2-4f27-b30b-d6669ef087a5","Radiant Beauty Artist","makeup_artist","Paket Rias Sehari Penuh","Tim rias menemani dari pagi sampai acara selesai: pengantin, keluarga inti, dan bridesmaid dikerjakan satu tim dalam satu hari.","1150000.00","21","{""durasi"":""Sejak pagi sampai acara selesai"",""fasilitas"":""Trial makeup, tim 3 perias, hairdo semua peserta, retouch tanpa batas selama acara, dan area rias portabel."",""gaya_makeup"":""Menyesuaikan tema acara"",""jumlah_orang"":""Pengantin + hingga 8 orang pendamping"",""jenis_layanan"":""Paket lengkap sehari""}"
"2b96de33-a304-4bd7-8a06-880628c5a11d","0abfcbf2-da97-47ab-b2c4-dbc1614c8234","Serasi Beauty Studio","makeup_artist","Makeup Bridesmaid","Rias untuk bridesmaid atau pagar ayu, dengan tampilan seragam yang disesuaikan dengan warna gaun.","200000.00","5","{""durasi"":""30-40 menit per orang"",""fasilitas"":""Bulu mata, penataan rambut sederhana, dan penyesuaian warna lipstik dengan tema acara."",""gaya_makeup"":""Seragam, natural, tidak menyaingi pengantin"",""jumlah_orang"":""Mulai dari 3 orang"",""jenis_layanan"":""Rias bridesmaid""}"
"0dc01e0e-3846-4200-adef-4b425335b1a2","0abfcbf2-da97-47ab-b2c4-dbc1614c8234","Serasi Beauty Studio","makeup_artist","Makeup Keluarga Inti","Rias untuk orang tua dan keluarga inti pengantin, dikerjakan berurutan di lokasi yang sama sebelum acara dimulai.","250000.00","7","{""durasi"":""45 menit per orang"",""fasilitas"":""Hairdo sanggul atau blow, dan penyesuaian warna dengan kebaya yang dipakai."",""gaya_makeup"":""Elegan, menyesuaikan usia"",""jumlah_orang"":""Mulai dari 2 orang"",""jenis_layanan"":""Rias keluarga""}"
"e7095d7b-bda3-498c-82fa-3c5fb8d8877a","0abfcbf2-da97-47ab-b2c4-dbc1614c8234","Serasi Beauty Studio","makeup_artist","Makeup Prewedding","Rias untuk sesi pemotretan prewedding, indoor maupun outdoor, dengan dua pilihan tatanan yang bisa diganti di tengah sesi.","300000.00","7","{""durasi"":""3-4 jam"",""fasilitas"":""Dua tatanan rambut, retouch selama sesi foto, dan konsultasi konsep bersama fotografer."",""gaya_makeup"":""Natural glow untuk kamera"",""jumlah_orang"":""2 orang (pasangan)"",""jenis_layanan"":""Rias prewedding""}"
"24b7ecf6-d3e7-4135-9f8d-a2a7132acd41","0abfcbf2-da97-47ab-b2c4-dbc1614c8234","Serasi Beauty Studio","makeup_artist","Makeup Akad & Resepsi","Rias pengantin untuk dua sesi dalam satu hari, akad dan resepsi, termasuk satu kali ganti tatanan rambut dan retouch di sela acara.","500000.00","14","{""durasi"":""5-6 jam termasuk retouch"",""fasilitas"":""Trial makeup sekali sebelum hari-H, hairdo, softlens bening, bulu mata, dan asisten rias. Produk tahan air dan tahan keringat."",""gaya_makeup"":""Soft glam, flawless, tahan seharian"",""jumlah_orang"":""1 pengantin"",""jenis_layanan"":""Rias pengantin""}"
"b19ce716-fe4d-4e44-80eb-1ee54fc44200","0abfcbf2-da97-47ab-b2c4-dbc1614c8234","Serasi Beauty Studio","makeup_artist","Paket Rias Sehari Penuh","Tim rias menemani dari pagi sampai acara selesai: pengantin, keluarga inti, dan bridesmaid dikerjakan satu tim dalam satu hari.","900000.00","21","{""durasi"":""Sejak pagi sampai acara selesai"",""fasilitas"":""Trial makeup, tim 3 perias, hairdo semua peserta, retouch tanpa batas selama acara, dan area rias portabel."",""gaya_makeup"":""Menyesuaikan tema acara"",""jumlah_orang"":""Pengantin + hingga 8 orang pendamping"",""jenis_layanan"":""Paket lengkap sehari""}"
"eba697a2-cf54-4032-9c46-2dc236aadb2f","53e00a85-ca58-4822-b3d0-4d4f10e88171","Tiar Beauty MUA","makeup_artist","Makeup Bridesmaid","Rias untuk bridesmaid atau pagar ayu, dengan tampilan seragam yang disesuaikan dengan warna gaun.","200000.00","5","{""durasi"":""30-40 menit per orang"",""fasilitas"":""Bulu mata, penataan rambut sederhana, dan penyesuaian warna lipstik dengan tema acara."",""gaya_makeup"":""Seragam, natural, tidak menyaingi pengantin"",""jumlah_orang"":""Mulai dari 3 orang"",""jenis_layanan"":""Rias bridesmaid""}"
"c8cd73e8-50f0-45ce-950a-fcd198067044","53e00a85-ca58-4822-b3d0-4d4f10e88171","Tiar Beauty MUA","makeup_artist","Makeup Keluarga Inti","Rias untuk orang tua dan keluarga inti pengantin, dikerjakan berurutan di lokasi yang sama sebelum acara dimulai.","250000.00","7","{""durasi"":""45 menit per orang"",""fasilitas"":""Hairdo sanggul atau blow, dan penyesuaian warna dengan kebaya yang dipakai."",""gaya_makeup"":""Elegan, menyesuaikan usia"",""jumlah_orang"":""Mulai dari 2 orang"",""jenis_layanan"":""Rias keluarga""}"
"4df03056-e963-4947-8afb-dc9aad005de9","53e00a85-ca58-4822-b3d0-4d4f10e88171","Tiar Beauty MUA","makeup_artist","Makeup Prewedding","Rias untuk sesi pemotretan prewedding, indoor maupun outdoor, dengan dua pilihan tatanan yang bisa diganti di tengah sesi.","350000.00","7","{""durasi"":""3-4 jam"",""fasilitas"":""Dua tatanan rambut, retouch selama sesi foto, dan konsultasi konsep bersama fotografer."",""gaya_makeup"":""Natural glow untuk kamera"",""jumlah_orang"":""2 orang (pasangan)"",""jenis_layanan"":""Rias prewedding""}"
"e93501df-cf62-4050-a53b-6c97c099f38d","53e00a85-ca58-4822-b3d0-4d4f10e88171","Tiar Beauty MUA","makeup_artist","Makeup Akad & Resepsi","Rias pengantin untuk dua sesi dalam satu hari, akad dan resepsi, termasuk satu kali ganti tatanan rambut dan retouch di sela acara.","600000.00","14","{""durasi"":""5-6 jam termasuk retouch"",""fasilitas"":""Trial makeup sekali sebelum hari-H, hairdo, softlens bening, bulu mata, dan asisten rias. Produk tahan air dan tahan keringat."",""gaya_makeup"":""Soft glam, flawless, tahan seharian"",""jumlah_orang"":""1 pengantin"",""jenis_layanan"":""Rias pengantin""}"
"c4aa7934-4f52-46c3-a525-5cae52ec93ea","53e00a85-ca58-4822-b3d0-4d4f10e88171","Tiar Beauty MUA","makeup_artist","Paket Rias Sehari Penuh","Tim rias menemani dari pagi sampai acara selesai: pengantin, keluarga inti, dan bridesmaid dikerjakan satu tim dalam satu hari.","1100000.00","21","{""durasi"":""Sejak pagi sampai acara selesai"",""fasilitas"":""Trial makeup, tim 3 perias, hairdo semua peserta, retouch tanpa batas selama acara, dan area rias portabel."",""gaya_makeup"":""Menyesuaikan tema acara"",""jumlah_orang"":""Pengantin + hingga 8 orang pendamping"",""jenis_layanan"":""Paket lengkap sehari""}"
"3ff5062a-a427-4d8c-a72b-65794c6dd1dd","39b2f5b3-1b79-4ee9-b6ec-9b998c30eb9b","Abadi Foto Studio","photographer","Dokumentasi Wisuda","Liputan hari wisuda mulai dari prosesi di kampus sampai sesi foto bersama keluarga setelah acara selesai.","600000.00","5","{""durasi"":""4 jam"",""output"":""80 foto hasil seleksi, 20 foto retouch, dan cetak 4R sebanyak sepuluh lembar."",""area_layanan"":""Jabodetabek"",""gaya_fotografi"":""Candid dan foto kelompok"",""jenis_fotografi"":""Dokumentasi wisuda"",""jumlah_fotografer"":""1 fotografer"",""estimasi_pengerjaan"":""7 hari kerja""}"
"3ab03c0b-b4de-47e0-883f-e6ec3fee2b95","39b2f5b3-1b79-4ee9-b6ec-9b998c30eb9b","Abadi Foto Studio","photographer","Foto Keluarga Studio","Pemotretan keluarga di studio dengan beberapa pilihan latar dan penataan cahaya, cocok untuk foto resmi keluarga besar.","700000.00","7","{""durasi"":""2-3 jam"",""output"":""50 foto hasil seleksi, 15 foto retouch, dan cetak 10R sebanyak lima lembar."",""area_layanan"":""Studio sendiri"",""gaya_fotografi"":""Formal, latar bersih"",""jenis_fotografi"":""Foto keluarga"",""jumlah_fotografer"":""1 fotografer"",""estimasi_pengerjaan"":""7 hari kerja""}"
"69818553-d3e5-4ab4-890f-815fe370fbff","39b2f5b3-1b79-4ee9-b6ec-9b998c30eb9b","Abadi Foto Studio","photographer","Prewedding Outdoor","Sesi pemotretan di satu atau dua lokasi pilihan, termasuk survei lokasi dan penyusunan konsep bersama sebelum hari pemotretan.","1200000.00","21","{""durasi"":""6-8 jam"",""output"":""100 foto hasil seleksi, 40 foto retouch penuh, dan satu foto cetak ukuran besar berbingkai."",""area_layanan"":""Jabodetabek dan Bandung"",""gaya_fotografi"":""Cinematic, cahaya alami"",""jenis_fotografi"":""Prewedding"",""jumlah_fotografer"":""1 fotografer + 1 asisten"",""estimasi_pengerjaan"":""14 hari kerja""}"
"6ca6a4da-3a87-426e-8113-a93fc2d401e9","39b2f5b3-1b79-4ee9-b6ec-9b998c30eb9b","Abadi Foto Studio","photographer","Dokumentasi Akad & Resepsi","Liputan penuh dari persiapan pagi sampai resepsi selesai, dikerjakan lebih dari satu fotografer agar tidak ada momen terlewat.","2000000.00","30","{""durasi"":""10-12 jam"",""output"":""Seluruh file hasil seleksi dalam resolusi penuh, 200 foto retouch, album cetak 20 halaman, dan cadangan penyimpanan digital."",""area_layanan"":""Jabodetabek, luar kota dengan biaya perjalanan"",""gaya_fotografi"":""Candid dan formal, keduanya"",""jenis_fotografi"":""Dokumentasi pernikahan"",""jumlah_fotografer"":""2 fotografer + 1 asisten"",""estimasi_pengerjaan"":""21-30 hari kerja""}"
"ba3f0994-223a-46d3-a816-a796d64c84cc","39b2f5b3-1b79-4ee9-b6ec-9b998c30eb9b","Abadi Foto Studio","photographer","Paket Foto & Video Sinematik","Dokumentasi foto sekaligus video, termasuk video pendek sinematik dan rekaman utuh jalannya acara.","3800000.00","45","{""durasi"":""12 jam"",""output"":""Semua foto hasil seleksi, 250 foto retouch, video highlight 5 menit, video dokumenter 30 menit, dan album cetak premium."",""area_layanan"":""Seluruh Indonesia dengan biaya perjalanan"",""gaya_fotografi"":""Sinematik"",""jenis_fotografi"":""Foto + videografi"",""jumlah_fotografer"":""2 fotografer + 2 videografer"",""estimasi_pengerjaan"":""30-45 hari kerja""}"
"0894af28-fca9-459a-8af8-e838291d35f3","b9a01afd-5970-4a97-bd5e-bc4489e8aa6d","Bang Joan","photographer","Dokumentasi Wisuda","Liputan hari wisuda mulai dari prosesi di kampus sampai sesi foto bersama keluarga setelah acara selesai.","300000.00","5","{""durasi"":""4 jam"",""output"":""80 foto hasil seleksi, 20 foto retouch, dan cetak 4R sebanyak sepuluh lembar."",""area_layanan"":""Jabodetabek"",""gaya_fotografi"":""Candid dan foto kelompok"",""jenis_fotografi"":""Dokumentasi wisuda"",""jumlah_fotografer"":""1 fotografer"",""estimasi_pengerjaan"":""7 hari kerja""}"
"b675a4b1-5d97-4059-a164-5b7123d090ea","b9a01afd-5970-4a97-bd5e-bc4489e8aa6d","Bang Joan","photographer","Foto Keluarga Studio","Pemotretan keluarga di studio dengan beberapa pilihan latar dan penataan cahaya, cocok untuk foto resmi keluarga besar.","350000.00","7","{""durasi"":""2-3 jam"",""output"":""50 foto hasil seleksi, 15 foto retouch, dan cetak 10R sebanyak lima lembar."",""area_layanan"":""Studio sendiri"",""gaya_fotografi"":""Formal, latar bersih"",""jenis_fotografi"":""Foto keluarga"",""jumlah_fotografer"":""1 fotografer"",""estimasi_pengerjaan"":""7 hari kerja""}"
"d068d570-1637-49e9-8aec-ef8452910024","b9a01afd-5970-4a97-bd5e-bc4489e8aa6d","Bang Joan","photographer","Prewedding Outdoor","Sesi pemotretan di satu atau dua lokasi pilihan, termasuk survei lokasi dan penyusunan konsep bersama sebelum hari pemotretan.","600000.00","21","{""durasi"":""6-8 jam"",""output"":""100 foto hasil seleksi, 40 foto retouch penuh, dan satu foto cetak ukuran besar berbingkai."",""area_layanan"":""Jabodetabek dan Bandung"",""gaya_fotografi"":""Cinematic, cahaya alami"",""jenis_fotografi"":""Prewedding"",""jumlah_fotografer"":""1 fotografer + 1 asisten"",""estimasi_pengerjaan"":""14 hari kerja""}"
"d9f6b65d-9aa1-4174-9874-9f4906b8eb77","b9a01afd-5970-4a97-bd5e-bc4489e8aa6d","Bang Joan","photographer","Paket Fotografer Dasar","aku suka foto foto","1000000.00","7","{}"
"84660007-d524-4f87-a2b4-2598ac8ee8ed","b9a01afd-5970-4a97-bd5e-bc4489e8aa6d","Bang Joan","photographer","Dokumentasi Akad & Resepsi","Liputan penuh dari persiapan pagi sampai resepsi selesai, dikerjakan lebih dari satu fotografer agar tidak ada momen terlewat.","1000000.00","30","{""durasi"":""10-12 jam"",""output"":""Seluruh file hasil seleksi dalam resolusi penuh, 200 foto retouch, album cetak 20 halaman, dan cadangan penyimpanan digital."",""area_layanan"":""Jabodetabek, luar kota dengan biaya perjalanan"",""gaya_fotografi"":""Candid dan formal, keduanya"",""jenis_fotografi"":""Dokumentasi pernikahan"",""jumlah_fotografer"":""2 fotografer + 1 asisten"",""estimasi_pengerjaan"":""21-30 hari kerja""}"
"bfd23f2c-cefe-4b4a-b032-10f789bdb948","b9a01afd-5970-4a97-bd5e-bc4489e8aa6d","Bang Joan","photographer","Paket Foto & Video Sinematik","Dokumentasi foto sekaligus video, termasuk video pendek sinematik dan rekaman utuh jalannya acara.","1900000.00","45","{""durasi"":""12 jam"",""output"":""Semua foto hasil seleksi, 250 foto retouch, video highlight 5 menit, video dokumenter 30 menit, dan album cetak premium."",""area_layanan"":""Seluruh Indonesia dengan biaya perjalanan"",""gaya_fotografi"":""Sinematik"",""jenis_fotografi"":""Foto + videografi"",""jumlah_fotografer"":""2 fotografer + 2 videografer"",""estimasi_pengerjaan"":""30-45 hari kerja""}"
"aff84964-e81c-4984-843d-830fbf5245ee","f87a6941-d0ee-4911-97f5-3995713cabbd","Cahaya Foto Studio","photographer","Dokumentasi Wisuda","Liputan hari wisuda mulai dari prosesi di kampus sampai sesi foto bersama keluarga setelah acara selesai.","350000.00","5","{""durasi"":""4 jam"",""output"":""80 foto hasil seleksi, 20 foto retouch, dan cetak 4R sebanyak sepuluh lembar."",""area_layanan"":""Jabodetabek"",""gaya_fotografi"":""Candid dan foto kelompok"",""jenis_fotografi"":""Dokumentasi wisuda"",""jumlah_fotografer"":""1 fotografer"",""estimasi_pengerjaan"":""7 hari kerja""}"
"17a0b3e9-4f8d-417b-acea-a0965e0d3a8a","f87a6941-d0ee-4911-97f5-3995713cabbd","Cahaya Foto Studio","photographer","Foto Keluarga Studio","Pemotretan keluarga di studio dengan beberapa pilihan latar dan penataan cahaya, cocok untuk foto resmi keluarga besar.","400000.00","7","{""durasi"":""2-3 jam"",""output"":""50 foto hasil seleksi, 15 foto retouch, dan cetak 10R sebanyak lima lembar."",""area_layanan"":""Studio sendiri"",""gaya_fotografi"":""Formal, latar bersih"",""jenis_fotografi"":""Foto keluarga"",""jumlah_fotografer"":""1 fotografer"",""estimasi_pengerjaan"":""7 hari kerja""}"
"aca260c7-9a68-4b88-bacc-cbfcfd1e3868","f87a6941-d0ee-4911-97f5-3995713cabbd","Cahaya Foto Studio","photographer","Prewedding Outdoor","Sesi pemotretan di satu atau dua lokasi pilihan, termasuk survei lokasi dan penyusunan konsep bersama sebelum hari pemotretan.","700000.00","21","{""durasi"":""6-8 jam"",""output"":""100 foto hasil seleksi, 40 foto retouch penuh, dan satu foto cetak ukuran besar berbingkai."",""area_layanan"":""Jabodetabek dan Bandung"",""gaya_fotografi"":""Cinematic, cahaya alami"",""jenis_fotografi"":""Prewedding"",""jumlah_fotografer"":""1 fotografer + 1 asisten"",""estimasi_pengerjaan"":""14 hari kerja""}"
"b9861da8-c89d-4bc0-866d-0634b4d23951","f87a6941-d0ee-4911-97f5-3995713cabbd","Cahaya Foto Studio","photographer","Dokumentasi Akad & Resepsi","Liputan penuh dari persiapan pagi sampai resepsi selesai, dikerjakan lebih dari satu fotografer agar tidak ada momen terlewat.","1200000.00","30","{""durasi"":""10-12 jam"",""output"":""Seluruh file hasil seleksi dalam resolusi penuh, 200 foto retouch, album cetak 20 halaman, dan cadangan penyimpanan digital."",""area_layanan"":""Jabodetabek, luar kota dengan biaya perjalanan"",""gaya_fotografi"":""Candid dan formal, keduanya"",""jenis_fotografi"":""Dokumentasi pernikahan"",""jumlah_fotografer"":""2 fotografer + 1 asisten"",""estimasi_pengerjaan"":""21-30 hari kerja""}"
"7e594c4c-8a5c-4a36-b8f5-fb70e6c1405f","f87a6941-d0ee-4911-97f5-3995713cabbd","Cahaya Foto Studio","photographer","Paket Foto & Video Sinematik","Dokumentasi foto sekaligus video, termasuk video pendek sinematik dan rekaman utuh jalannya acara.","2300000.00","45","{""durasi"":""12 jam"",""output"":""Semua foto hasil seleksi, 250 foto retouch, video highlight 5 menit, video dokumenter 30 menit, dan album cetak premium."",""area_layanan"":""Seluruh Indonesia dengan biaya perjalanan"",""gaya_fotografi"":""Sinematik"",""jenis_fotografi"":""Foto + videografi"",""jumlah_fotografer"":""2 fotografer + 2 videografer"",""estimasi_pengerjaan"":""30-45 hari kerja""}"
"683a3e34-c8db-4074-ba82-aa045117b4b1","1ce8b9a7-ef97-4178-b01c-cc449f703449","Dramatis Photography","photographer","Dokumentasi Wisuda","Liputan hari wisuda mulai dari prosesi di kampus sampai sesi foto bersama keluarga setelah acara selesai.","550000.00","5","{""durasi"":""4 jam"",""output"":""80 foto hasil seleksi, 20 foto retouch, dan cetak 4R sebanyak sepuluh lembar."",""area_layanan"":""Jabodetabek"",""gaya_fotografi"":""Candid dan foto kelompok"",""jenis_fotografi"":""Dokumentasi wisuda"",""jumlah_fotografer"":""1 fotografer"",""estimasi_pengerjaan"":""7 hari kerja""}"
"2668df3e-398b-4a08-b1cf-9f492d1abd88","1ce8b9a7-ef97-4178-b01c-cc449f703449","Dramatis Photography","photographer","Foto Keluarga Studio","Pemotretan keluarga di studio dengan beberapa pilihan latar dan penataan cahaya, cocok untuk foto resmi keluarga besar.","650000.00","7","{""durasi"":""2-3 jam"",""output"":""50 foto hasil seleksi, 15 foto retouch, dan cetak 10R sebanyak lima lembar."",""area_layanan"":""Studio sendiri"",""gaya_fotografi"":""Formal, latar bersih"",""jenis_fotografi"":""Foto keluarga"",""jumlah_fotografer"":""1 fotografer"",""estimasi_pengerjaan"":""7 hari kerja""}"
"4d2628e7-0a38-4bbd-acfa-20925d1d56a6","1ce8b9a7-ef97-4178-b01c-cc449f703449","Dramatis Photography","photographer","Prewedding Outdoor","Sesi pemotretan di satu atau dua lokasi pilihan, termasuk survei lokasi dan penyusunan konsep bersama sebelum hari pemotretan.","1100000.00","21","{""durasi"":""6-8 jam"",""output"":""100 foto hasil seleksi, 40 foto retouch penuh, dan satu foto cetak ukuran besar berbingkai."",""area_layanan"":""Jabodetabek dan Bandung"",""gaya_fotografi"":""Cinematic, cahaya alami"",""jenis_fotografi"":""Prewedding"",""jumlah_fotografer"":""1 fotografer + 1 asisten"",""estimasi_pengerjaan"":""14 hari kerja""}"
"f5c8dc45-998a-49c8-9d31-a13da52738ab","1ce8b9a7-ef97-4178-b01c-cc449f703449","Dramatis Photography","photographer","Dokumentasi Akad & Resepsi","Liputan penuh dari persiapan pagi sampai resepsi selesai, dikerjakan lebih dari satu fotografer agar tidak ada momen terlewat.","1800000.00","30","{""durasi"":""10-12 jam"",""output"":""Seluruh file hasil seleksi dalam resolusi penuh, 200 foto retouch, album cetak 20 halaman, dan cadangan penyimpanan digital."",""area_layanan"":""Jabodetabek, luar kota dengan biaya perjalanan"",""gaya_fotografi"":""Candid dan formal, keduanya"",""jenis_fotografi"":""Dokumentasi pernikahan"",""jumlah_fotografer"":""2 fotografer + 1 asisten"",""estimasi_pengerjaan"":""21-30 hari kerja""}"
"312692e5-92f0-4544-932a-ac4529f66f2b","1ce8b9a7-ef97-4178-b01c-cc449f703449","Dramatis Photography","photographer","Paket Foto & Video Sinematik","Dokumentasi foto sekaligus video, termasuk video pendek sinematik dan rekaman utuh jalannya acara.","3400000.00","45","{""durasi"":""12 jam"",""output"":""Semua foto hasil seleksi, 250 foto retouch, video highlight 5 menit, video dokumenter 30 menit, dan album cetak premium."",""area_layanan"":""Seluruh Indonesia dengan biaya perjalanan"",""gaya_fotografi"":""Sinematik"",""jenis_fotografi"":""Foto + videografi"",""jumlah_fotografer"":""2 fotografer + 2 videografer"",""estimasi_pengerjaan"":""30-45 hari kerja""}"
"441b7c50-1ad5-4ee6-a72a-247a472ea15c","a01a7f5c-bc17-4713-bed8-0f3f483c6578","Eternal Moments Studio","photographer","Dokumentasi Wisuda","Liputan hari wisuda mulai dari prosesi di kampus sampai sesi foto bersama keluarga setelah acara selesai.","500000.00","5","{""durasi"":""4 jam"",""output"":""80 foto hasil seleksi, 20 foto retouch, dan cetak 4R sebanyak sepuluh lembar."",""area_layanan"":""Jabodetabek"",""gaya_fotografi"":""Candid dan foto kelompok"",""jenis_fotografi"":""Dokumentasi wisuda"",""jumlah_fotografer"":""1 fotografer"",""estimasi_pengerjaan"":""7 hari kerja""}"
"2d81178b-bfa5-4796-af3d-b11cd43b7765","a01a7f5c-bc17-4713-bed8-0f3f483c6578","Eternal Moments Studio","photographer","Foto Keluarga Studio","Pemotretan keluarga di studio dengan beberapa pilihan latar dan penataan cahaya, cocok untuk foto resmi keluarga besar.","550000.00","7","{""durasi"":""2-3 jam"",""output"":""50 foto hasil seleksi, 15 foto retouch, dan cetak 10R sebanyak lima lembar."",""area_layanan"":""Studio sendiri"",""gaya_fotografi"":""Formal, latar bersih"",""jenis_fotografi"":""Foto keluarga"",""jumlah_fotografer"":""1 fotografer"",""estimasi_pengerjaan"":""7 hari kerja""}"
"95c85afa-6cb6-4f88-b891-c90fa7fd8521","a01a7f5c-bc17-4713-bed8-0f3f483c6578","Eternal Moments Studio","photographer","Prewedding Outdoor","Sesi pemotretan di satu atau dua lokasi pilihan, termasuk survei lokasi dan penyusunan konsep bersama sebelum hari pemotretan.","950000.00","21","{""durasi"":""6-8 jam"",""output"":""100 foto hasil seleksi, 40 foto retouch penuh, dan satu foto cetak ukuran besar berbingkai."",""area_layanan"":""Jabodetabek dan Bandung"",""gaya_fotografi"":""Cinematic, cahaya alami"",""jenis_fotografi"":""Prewedding"",""jumlah_fotografer"":""1 fotografer + 1 asisten"",""estimasi_pengerjaan"":""14 hari kerja""}"
"2da3dce6-da6f-4f7b-9a9b-4ef5e414c819","a01a7f5c-bc17-4713-bed8-0f3f483c6578","Eternal Moments Studio","photographer","Dokumentasi Akad & Resepsi","Liputan penuh dari persiapan pagi sampai resepsi selesai, dikerjakan lebih dari satu fotografer agar tidak ada momen terlewat.","1600000.00","30","{""durasi"":""10-12 jam"",""output"":""Seluruh file hasil seleksi dalam resolusi penuh, 200 foto retouch, album cetak 20 halaman, dan cadangan penyimpanan digital."",""area_layanan"":""Jabodetabek, luar kota dengan biaya perjalanan"",""gaya_fotografi"":""Candid dan formal, keduanya"",""jenis_fotografi"":""Dokumentasi pernikahan"",""jumlah_fotografer"":""2 fotografer + 1 asisten"",""estimasi_pengerjaan"":""21-30 hari kerja""}"
"851d243a-5f85-48e2-828d-9378034a145d","a01a7f5c-bc17-4713-bed8-0f3f483c6578","Eternal Moments Studio","photographer","Paket Foto & Video Sinematik","Dokumentasi foto sekaligus video, termasuk video pendek sinematik dan rekaman utuh jalannya acara.","3050000.00","45","{""durasi"":""12 jam"",""output"":""Semua foto hasil seleksi, 250 foto retouch, video highlight 5 menit, video dokumenter 30 menit, dan album cetak premium."",""area_layanan"":""Seluruh Indonesia dengan biaya perjalanan"",""gaya_fotografi"":""Sinematik"",""jenis_fotografi"":""Foto + videografi"",""jumlah_fotografer"":""2 fotografer + 2 videografer"",""estimasi_pengerjaan"":""30-45 hari kerja""}"
"475cf18f-ba88-4eb7-8b7b-d0c0d6118ebe","ebd11677-36a8-430d-a770-68699476f243","Frame & Focus Studio","photographer","Dokumentasi Wisuda","Liputan hari wisuda mulai dari prosesi di kampus sampai sesi foto bersama keluarga setelah acara selesai.","400000.00","5","{""durasi"":""4 jam"",""output"":""80 foto hasil seleksi, 20 foto retouch, dan cetak 4R sebanyak sepuluh lembar."",""area_layanan"":""Jabodetabek"",""gaya_fotografi"":""Candid dan foto kelompok"",""jenis_fotografi"":""Dokumentasi wisuda"",""jumlah_fotografer"":""1 fotografer"",""estimasi_pengerjaan"":""7 hari kerja""}"
"f0a28577-5efe-4f12-83a3-31f823c2bca4","ebd11677-36a8-430d-a770-68699476f243","Frame & Focus Studio","photographer","Foto Keluarga Studio","Pemotretan keluarga di studio dengan beberapa pilihan latar dan penataan cahaya, cocok untuk foto resmi keluarga besar.","450000.00","7","{""durasi"":""2-3 jam"",""output"":""50 foto hasil seleksi, 15 foto retouch, dan cetak 10R sebanyak lima lembar."",""area_layanan"":""Studio sendiri"",""gaya_fotografi"":""Formal, latar bersih"",""jenis_fotografi"":""Foto keluarga"",""jumlah_fotografer"":""1 fotografer"",""estimasi_pengerjaan"":""7 hari kerja""}"
"0d044578-c0a2-4e4b-b23f-4cd25891256f","ebd11677-36a8-430d-a770-68699476f243","Frame & Focus Studio","photographer","Prewedding Outdoor","Sesi pemotretan di satu atau dua lokasi pilihan, termasuk survei lokasi dan penyusunan konsep bersama sebelum hari pemotretan.","800000.00","21","{""durasi"":""6-8 jam"",""output"":""100 foto hasil seleksi, 40 foto retouch penuh, dan satu foto cetak ukuran besar berbingkai."",""area_layanan"":""Jabodetabek dan Bandung"",""gaya_fotografi"":""Cinematic, cahaya alami"",""jenis_fotografi"":""Prewedding"",""jumlah_fotografer"":""1 fotografer + 1 asisten"",""estimasi_pengerjaan"":""14 hari kerja""}"
"bd96dbb0-916a-4c4f-800e-cfcb09dba775","ebd11677-36a8-430d-a770-68699476f243","Frame & Focus Studio","photographer","Dokumentasi Akad & Resepsi","Liputan penuh dari persiapan pagi sampai resepsi selesai, dikerjakan lebih dari satu fotografer agar tidak ada momen terlewat.","1300000.00","30","{""durasi"":""10-12 jam"",""output"":""Seluruh file hasil seleksi dalam resolusi penuh, 200 foto retouch, album cetak 20 halaman, dan cadangan penyimpanan digital."",""area_layanan"":""Jabodetabek, luar kota dengan biaya perjalanan"",""gaya_fotografi"":""Candid dan formal, keduanya"",""jenis_fotografi"":""Dokumentasi pernikahan"",""jumlah_fotografer"":""2 fotografer + 1 asisten"",""estimasi_pengerjaan"":""21-30 hari kerja""}"
"d7798e2d-36bc-4e8b-bfc8-f79036f24eec","ebd11677-36a8-430d-a770-68699476f243","Frame & Focus Studio","photographer","Paket Foto & Video Sinematik","Dokumentasi foto sekaligus video, termasuk video pendek sinematik dan rekaman utuh jalannya acara.","2450000.00","45","{""durasi"":""12 jam"",""output"":""Semua foto hasil seleksi, 250 foto retouch, video highlight 5 menit, video dokumenter 30 menit, dan album cetak premium."",""area_layanan"":""Seluruh Indonesia dengan biaya perjalanan"",""gaya_fotografi"":""Sinematik"",""jenis_fotografi"":""Foto + videografi"",""jumlah_fotografer"":""2 fotografer + 2 videografer"",""estimasi_pengerjaan"":""30-45 hari kerja""}"
"a5954212-9f95-453b-b2cd-7fbea374aa7b","1560c53f-3a80-4cdf-9fd4-dac748807734","Golden Hour Photo","photographer","Dokumentasi Wisuda","Liputan hari wisuda mulai dari prosesi di kampus sampai sesi foto bersama keluarga setelah acara selesai.","750000.00","5","{""durasi"":""4 jam"",""output"":""80 foto hasil seleksi, 20 foto retouch, dan cetak 4R sebanyak sepuluh lembar."",""area_layanan"":""Jabodetabek"",""gaya_fotografi"":""Candid dan foto kelompok"",""jenis_fotografi"":""Dokumentasi wisuda"",""jumlah_fotografer"":""1 fotografer"",""estimasi_pengerjaan"":""7 hari kerja""}"
"de7cf94f-8b56-4597-88ce-e8c051376b09","1560c53f-3a80-4cdf-9fd4-dac748807734","Golden Hour Photo","photographer","Foto Keluarga Studio","Pemotretan keluarga di studio dengan beberapa pilihan latar dan penataan cahaya, cocok untuk foto resmi keluarga besar.","900000.00","7","{""durasi"":""2-3 jam"",""output"":""50 foto hasil seleksi, 15 foto retouch, dan cetak 10R sebanyak lima lembar."",""area_layanan"":""Studio sendiri"",""gaya_fotografi"":""Formal, latar bersih"",""jenis_fotografi"":""Foto keluarga"",""jumlah_fotografer"":""1 fotografer"",""estimasi_pengerjaan"":""7 hari kerja""}"
"4480afcb-a4de-4730-b774-9fa19ee4a434","1560c53f-3a80-4cdf-9fd4-dac748807734","Golden Hour Photo","photographer","Prewedding Outdoor","Sesi pemotretan di satu atau dua lokasi pilihan, termasuk survei lokasi dan penyusunan konsep bersama sebelum hari pemotretan.","1500000.00","21","{""durasi"":""6-8 jam"",""output"":""100 foto hasil seleksi, 40 foto retouch penuh, dan satu foto cetak ukuran besar berbingkai."",""area_layanan"":""Jabodetabek dan Bandung"",""gaya_fotografi"":""Cinematic, cahaya alami"",""jenis_fotografi"":""Prewedding"",""jumlah_fotografer"":""1 fotografer + 1 asisten"",""estimasi_pengerjaan"":""14 hari kerja""}"
"5644391a-55de-417d-a4e8-235e1aa1a7c6","1560c53f-3a80-4cdf-9fd4-dac748807734","Golden Hour Photo","photographer","Dokumentasi Akad & Resepsi","Liputan penuh dari persiapan pagi sampai resepsi selesai, dikerjakan lebih dari satu fotografer agar tidak ada momen terlewat.","2500000.00","30","{""durasi"":""10-12 jam"",""output"":""Seluruh file hasil seleksi dalam resolusi penuh, 200 foto retouch, album cetak 20 halaman, dan cadangan penyimpanan digital."",""area_layanan"":""Jabodetabek, luar kota dengan biaya perjalanan"",""gaya_fotografi"":""Candid dan formal, keduanya"",""jenis_fotografi"":""Dokumentasi pernikahan"",""jumlah_fotografer"":""2 fotografer + 1 asisten"",""estimasi_pengerjaan"":""21-30 hari kerja""}"
"e404162b-ffca-4ff3-87be-5f3acf011979","1560c53f-3a80-4cdf-9fd4-dac748807734","Golden Hour Photo","photographer","Paket Foto & Video Sinematik","Dokumentasi foto sekaligus video, termasuk video pendek sinematik dan rekaman utuh jalannya acara.","4750000.00","45","{""durasi"":""12 jam"",""output"":""Semua foto hasil seleksi, 250 foto retouch, video highlight 5 menit, video dokumenter 30 menit, dan album cetak premium."",""area_layanan"":""Seluruh Indonesia dengan biaya perjalanan"",""gaya_fotografi"":""Sinematik"",""jenis_fotografi"":""Foto + videografi"",""jumlah_fotografer"":""2 fotografer + 2 videografer"",""estimasi_pengerjaan"":""30-45 hari kerja""}"
"8c91783b-7a03-49b3-9f07-b63e853c1755","bc0c5027-8000-46d3-8ecd-fa06760c1584","Hari Baik Photography","photographer","Dokumentasi Wisuda","Liputan hari wisuda mulai dari prosesi di kampus sampai sesi foto bersama keluarga setelah acara selesai.","300000.00","5","{""durasi"":""4 jam"",""output"":""80 foto hasil seleksi, 20 foto retouch, dan cetak 4R sebanyak sepuluh lembar."",""area_layanan"":""Jabodetabek"",""gaya_fotografi"":""Candid dan foto kelompok"",""jenis_fotografi"":""Dokumentasi wisuda"",""jumlah_fotografer"":""1 fotografer"",""estimasi_pengerjaan"":""7 hari kerja""}"
"74e9ac85-2db2-4213-bee7-0812e8ebc2ff","bc0c5027-8000-46d3-8ecd-fa06760c1584","Hari Baik Photography","photographer","Foto Keluarga Studio","Pemotretan keluarga di studio dengan beberapa pilihan latar dan penataan cahaya, cocok untuk foto resmi keluarga besar.","350000.00","7","{""durasi"":""2-3 jam"",""output"":""50 foto hasil seleksi, 15 foto retouch, dan cetak 10R sebanyak lima lembar."",""area_layanan"":""Studio sendiri"",""gaya_fotografi"":""Formal, latar bersih"",""jenis_fotografi"":""Foto keluarga"",""jumlah_fotografer"":""1 fotografer"",""estimasi_pengerjaan"":""7 hari kerja""}"
"50079246-e6dc-448f-8933-63f246921b7c","bc0c5027-8000-46d3-8ecd-fa06760c1584","Hari Baik Photography","photographer","Prewedding Outdoor","Sesi pemotretan di satu atau dua lokasi pilihan, termasuk survei lokasi dan penyusunan konsep bersama sebelum hari pemotretan.","600000.00","21","{""durasi"":""6-8 jam"",""output"":""100 foto hasil seleksi, 40 foto retouch penuh, dan satu foto cetak ukuran besar berbingkai."",""area_layanan"":""Jabodetabek dan Bandung"",""gaya_fotografi"":""Cinematic, cahaya alami"",""jenis_fotografi"":""Prewedding"",""jumlah_fotografer"":""1 fotografer + 1 asisten"",""estimasi_pengerjaan"":""14 hari kerja""}"
"8743ea25-acb4-47d0-9c07-721edbedd7db","bc0c5027-8000-46d3-8ecd-fa06760c1584","Hari Baik Photography","photographer","Dokumentasi Akad & Resepsi","Liputan penuh dari persiapan pagi sampai resepsi selesai, dikerjakan lebih dari satu fotografer agar tidak ada momen terlewat.","1000000.00","30","{""durasi"":""10-12 jam"",""output"":""Seluruh file hasil seleksi dalam resolusi penuh, 200 foto retouch, album cetak 20 halaman, dan cadangan penyimpanan digital."",""area_layanan"":""Jabodetabek, luar kota dengan biaya perjalanan"",""gaya_fotografi"":""Candid dan formal, keduanya"",""jenis_fotografi"":""Dokumentasi pernikahan"",""jumlah_fotografer"":""2 fotografer + 1 asisten"",""estimasi_pengerjaan"":""21-30 hari kerja""}"
"23e602ce-457d-493e-a95b-10fc8dc51c29","bc0c5027-8000-46d3-8ecd-fa06760c1584","Hari Baik Photography","photographer","Paket Foto & Video Sinematik","Dokumentasi foto sekaligus video, termasuk video pendek sinematik dan rekaman utuh jalannya acara.","1900000.00","45","{""durasi"":""12 jam"",""output"":""Semua foto hasil seleksi, 250 foto retouch, video highlight 5 menit, video dokumenter 30 menit, dan album cetak premium."",""area_layanan"":""Seluruh Indonesia dengan biaya perjalanan"",""gaya_fotografi"":""Sinematik"",""jenis_fotografi"":""Foto + videografi"",""jumlah_fotografer"":""2 fotografer + 2 videografer"",""estimasi_pengerjaan"":""30-45 hari kerja""}"
"81410334-c5af-4358-b433-6c88dbd50e96","54f3815d-9d4a-4718-bf91-b9a49f5fb5aa","Iconic Frame Studio","photographer","Dokumentasi Wisuda","Liputan hari wisuda mulai dari prosesi di kampus sampai sesi foto bersama keluarga setelah acara selesai.","450000.00","5","{""durasi"":""4 jam"",""output"":""80 foto hasil seleksi, 20 foto retouch, dan cetak 4R sebanyak sepuluh lembar."",""area_layanan"":""Jabodetabek"",""gaya_fotografi"":""Candid dan foto kelompok"",""jenis_fotografi"":""Dokumentasi wisuda"",""jumlah_fotografer"":""1 fotografer"",""estimasi_pengerjaan"":""7 hari kerja""}"
"5d8eb201-6df2-44c3-9d4c-b4cd3d746508","54f3815d-9d4a-4718-bf91-b9a49f5fb5aa","Iconic Frame Studio","photographer","Foto Keluarga Studio","Pemotretan keluarga di studio dengan beberapa pilihan latar dan penataan cahaya, cocok untuk foto resmi keluarga besar.","550000.00","7","{""durasi"":""2-3 jam"",""output"":""50 foto hasil seleksi, 15 foto retouch, dan cetak 10R sebanyak lima lembar."",""area_layanan"":""Studio sendiri"",""gaya_fotografi"":""Formal, latar bersih"",""jenis_fotografi"":""Foto keluarga"",""jumlah_fotografer"":""1 fotografer"",""estimasi_pengerjaan"":""7 hari kerja""}"
"8ce85a1a-3367-44e6-9627-02ea0b43322d","54f3815d-9d4a-4718-bf91-b9a49f5fb5aa","Iconic Frame Studio","photographer","Prewedding Outdoor","Sesi pemotretan di satu atau dua lokasi pilihan, termasuk survei lokasi dan penyusunan konsep bersama sebelum hari pemotretan.","900000.00","21","{""durasi"":""6-8 jam"",""output"":""100 foto hasil seleksi, 40 foto retouch penuh, dan satu foto cetak ukuran besar berbingkai."",""area_layanan"":""Jabodetabek dan Bandung"",""gaya_fotografi"":""Cinematic, cahaya alami"",""jenis_fotografi"":""Prewedding"",""jumlah_fotografer"":""1 fotografer + 1 asisten"",""estimasi_pengerjaan"":""14 hari kerja""}"
"482b5109-959b-42cf-aa01-f528bea87dfe","54f3815d-9d4a-4718-bf91-b9a49f5fb5aa","Iconic Frame Studio","photographer","Dokumentasi Akad & Resepsi","Liputan penuh dari persiapan pagi sampai resepsi selesai, dikerjakan lebih dari satu fotografer agar tidak ada momen terlewat.","1500000.00","30","{""durasi"":""10-12 jam"",""output"":""Seluruh file hasil seleksi dalam resolusi penuh, 200 foto retouch, album cetak 20 halaman, dan cadangan penyimpanan digital."",""area_layanan"":""Jabodetabek, luar kota dengan biaya perjalanan"",""gaya_fotografi"":""Candid dan formal, keduanya"",""jenis_fotografi"":""Dokumentasi pernikahan"",""jumlah_fotografer"":""2 fotografer + 1 asisten"",""estimasi_pengerjaan"":""21-30 hari kerja""}"
"890f4141-ea4b-4f15-8cf3-491b40b5e8d8","54f3815d-9d4a-4718-bf91-b9a49f5fb5aa","Iconic Frame Studio","photographer","Paket Foto & Video Sinematik","Dokumentasi foto sekaligus video, termasuk video pendek sinematik dan rekaman utuh jalannya acara.","2850000.00","45","{""durasi"":""12 jam"",""output"":""Semua foto hasil seleksi, 250 foto retouch, video highlight 5 menit, video dokumenter 30 menit, dan album cetak premium."",""area_layanan"":""Seluruh Indonesia dengan biaya perjalanan"",""gaya_fotografi"":""Sinematik"",""jenis_fotografi"":""Foto + videografi"",""jumlah_fotografer"":""2 fotografer + 2 videografer"",""estimasi_pengerjaan"":""30-45 hari kerja""}"
"fc1b8b7f-37ea-4475-b6c0-8a2c6dad08e5","d20b28f3-940f-4f06-9c3f-f4d90d910f5e","Jepret Indah Studio","photographer","Dokumentasi Wisuda","Liputan hari wisuda mulai dari prosesi di kampus sampai sesi foto bersama keluarga setelah acara selesai.","250000.00","5","{""durasi"":""4 jam"",""output"":""80 foto hasil seleksi, 20 foto retouch, dan cetak 4R sebanyak sepuluh lembar."",""area_layanan"":""Jabodetabek"",""gaya_fotografi"":""Candid dan foto kelompok"",""jenis_fotografi"":""Dokumentasi wisuda"",""jumlah_fotografer"":""1 fotografer"",""estimasi_pengerjaan"":""7 hari kerja""}"
"e096d3c2-e96c-4acd-b778-e94f200926a8","d20b28f3-940f-4f06-9c3f-f4d90d910f5e","Jepret Indah Studio","photographer","Foto Keluarga Studio","Pemotretan keluarga di studio dengan beberapa pilihan latar dan penataan cahaya, cocok untuk foto resmi keluarga besar.","300000.00","7","{""durasi"":""2-3 jam"",""output"":""50 foto hasil seleksi, 15 foto retouch, dan cetak 10R sebanyak lima lembar."",""area_layanan"":""Studio sendiri"",""gaya_fotografi"":""Formal, latar bersih"",""jenis_fotografi"":""Foto keluarga"",""jumlah_fotografer"":""1 fotografer"",""estimasi_pengerjaan"":""7 hari kerja""}"
"05e2ac12-5c01-4af1-8ae3-b0629e8afadc","d20b28f3-940f-4f06-9c3f-f4d90d910f5e","Jepret Indah Studio","photographer","Prewedding Outdoor","Sesi pemotretan di satu atau dua lokasi pilihan, termasuk survei lokasi dan penyusunan konsep bersama sebelum hari pemotretan.","550000.00","21","{""durasi"":""6-8 jam"",""output"":""100 foto hasil seleksi, 40 foto retouch penuh, dan satu foto cetak ukuran besar berbingkai."",""area_layanan"":""Jabodetabek dan Bandung"",""gaya_fotografi"":""Cinematic, cahaya alami"",""jenis_fotografi"":""Prewedding"",""jumlah_fotografer"":""1 fotografer + 1 asisten"",""estimasi_pengerjaan"":""14 hari kerja""}"
"2951dcc1-1096-4b7a-bd55-6319c8329b56","d20b28f3-940f-4f06-9c3f-f4d90d910f5e","Jepret Indah Studio","photographer","Dokumentasi Akad & Resepsi","Liputan penuh dari persiapan pagi sampai resepsi selesai, dikerjakan lebih dari satu fotografer agar tidak ada momen terlewat.","900000.00","30","{""durasi"":""10-12 jam"",""output"":""Seluruh file hasil seleksi dalam resolusi penuh, 200 foto retouch, album cetak 20 halaman, dan cadangan penyimpanan digital."",""area_layanan"":""Jabodetabek, luar kota dengan biaya perjalanan"",""gaya_fotografi"":""Candid dan formal, keduanya"",""jenis_fotografi"":""Dokumentasi pernikahan"",""jumlah_fotografer"":""2 fotografer + 1 asisten"",""estimasi_pengerjaan"":""21-30 hari kerja""}"
"92214c2e-4442-4dc8-a86d-55ce2432e0c5","d20b28f3-940f-4f06-9c3f-f4d90d910f5e","Jepret Indah Studio","photographer","Paket Foto & Video Sinematik","Dokumentasi foto sekaligus video, termasuk video pendek sinematik dan rekaman utuh jalannya acara.","1700000.00","45","{""durasi"":""12 jam"",""output"":""Semua foto hasil seleksi, 250 foto retouch, video highlight 5 menit, video dokumenter 30 menit, dan album cetak premium."",""area_layanan"":""Seluruh Indonesia dengan biaya perjalanan"",""gaya_fotografi"":""Sinematik"",""jenis_fotografi"":""Foto + videografi"",""jumlah_fotografer"":""2 fotografer + 2 videografer"",""estimasi_pengerjaan"":""30-45 hari kerja""}"
"7134c6ce-728a-4f99-be9e-a66972c4ca3b","d71bafa1-b70f-4626-b0fd-e0071d9f6cdd","Karya Lens Studio","photographer","Dokumentasi Wisuda","Liputan hari wisuda mulai dari prosesi di kampus sampai sesi foto bersama keluarga setelah acara selesai.","500000.00","5","{""durasi"":""4 jam"",""output"":""80 foto hasil seleksi, 20 foto retouch, dan cetak 4R sebanyak sepuluh lembar."",""area_layanan"":""Jabodetabek"",""gaya_fotografi"":""Candid dan foto kelompok"",""jenis_fotografi"":""Dokumentasi wisuda"",""jumlah_fotografer"":""1 fotografer"",""estimasi_pengerjaan"":""7 hari kerja""}"
"8cc036db-fc54-4f20-a347-9ea63cfdb37f","d71bafa1-b70f-4626-b0fd-e0071d9f6cdd","Karya Lens Studio","photographer","Foto Keluarga Studio","Pemotretan keluarga di studio dengan beberapa pilihan latar dan penataan cahaya, cocok untuk foto resmi keluarga besar.","600000.00","7","{""durasi"":""2-3 jam"",""output"":""50 foto hasil seleksi, 15 foto retouch, dan cetak 10R sebanyak lima lembar."",""area_layanan"":""Studio sendiri"",""gaya_fotografi"":""Formal, latar bersih"",""jenis_fotografi"":""Foto keluarga"",""jumlah_fotografer"":""1 fotografer"",""estimasi_pengerjaan"":""7 hari kerja""}"
"3428c5ee-8d32-4b16-b288-2ec2ea9ff99f","d71bafa1-b70f-4626-b0fd-e0071d9f6cdd","Karya Lens Studio","photographer","Prewedding Outdoor","Sesi pemotretan di satu atau dua lokasi pilihan, termasuk survei lokasi dan penyusunan konsep bersama sebelum hari pemotretan.","1000000.00","21","{""durasi"":""6-8 jam"",""output"":""100 foto hasil seleksi, 40 foto retouch penuh, dan satu foto cetak ukuran besar berbingkai."",""area_layanan"":""Jabodetabek dan Bandung"",""gaya_fotografi"":""Cinematic, cahaya alami"",""jenis_fotografi"":""Prewedding"",""jumlah_fotografer"":""1 fotografer + 1 asisten"",""estimasi_pengerjaan"":""14 hari kerja""}"
"33efd48e-81b0-4568-8b9b-f3ae29675884","d71bafa1-b70f-4626-b0fd-e0071d9f6cdd","Karya Lens Studio","photographer","Dokumentasi Akad & Resepsi","Liputan penuh dari persiapan pagi sampai resepsi selesai, dikerjakan lebih dari satu fotografer agar tidak ada momen terlewat.","1700000.00","30","{""durasi"":""10-12 jam"",""output"":""Seluruh file hasil seleksi dalam resolusi penuh, 200 foto retouch, album cetak 20 halaman, dan cadangan penyimpanan digital."",""area_layanan"":""Jabodetabek, luar kota dengan biaya perjalanan"",""gaya_fotografi"":""Candid dan formal, keduanya"",""jenis_fotografi"":""Dokumentasi pernikahan"",""jumlah_fotografer"":""2 fotografer + 1 asisten"",""estimasi_pengerjaan"":""21-30 hari kerja""}"
"0a7bbf5b-b7e8-4500-ae7f-d8469a745615","d71bafa1-b70f-4626-b0fd-e0071d9f6cdd","Karya Lens Studio","photographer","Paket Foto & Video Sinematik","Dokumentasi foto sekaligus video, termasuk video pendek sinematik dan rekaman utuh jalannya acara.","3250000.00","45","{""durasi"":""12 jam"",""output"":""Semua foto hasil seleksi, 250 foto retouch, video highlight 5 menit, video dokumenter 30 menit, dan album cetak premium."",""area_layanan"":""Seluruh Indonesia dengan biaya perjalanan"",""gaya_fotografi"":""Sinematik"",""jenis_fotografi"":""Foto + videografi"",""jumlah_fotografer"":""2 fotografer + 2 videografer"",""estimasi_pengerjaan"":""30-45 hari kerja""}"
"3c9c8820-fac9-4ebe-8824-911bea035ef8","eca1f2f6-88c4-4a0e-8a50-492111342207","Kenangan Abadi","photographer","Dokumentasi Wisuda","Liputan hari wisuda mulai dari prosesi di kampus sampai sesi foto bersama keluarga setelah acara selesai.","450000.00","5","{""durasi"":""4 jam"",""output"":""80 foto hasil seleksi, 20 foto retouch, dan cetak 4R sebanyak sepuluh lembar."",""area_layanan"":""Jabodetabek"",""gaya_fotografi"":""Candid dan foto kelompok"",""jenis_fotografi"":""Dokumentasi wisuda"",""jumlah_fotografer"":""1 fotografer"",""estimasi_pengerjaan"":""7 hari kerja""}"
"75b85edc-7d65-4f72-8351-5c03d68ca42a","eca1f2f6-88c4-4a0e-8a50-492111342207","Kenangan Abadi","photographer","Foto Keluarga Studio","Pemotretan keluarga di studio dengan beberapa pilihan latar dan penataan cahaya, cocok untuk foto resmi keluarga besar.","550000.00","7","{""durasi"":""2-3 jam"",""output"":""50 foto hasil seleksi, 15 foto retouch, dan cetak 10R sebanyak lima lembar."",""area_layanan"":""Studio sendiri"",""gaya_fotografi"":""Formal, latar bersih"",""jenis_fotografi"":""Foto keluarga"",""jumlah_fotografer"":""1 fotografer"",""estimasi_pengerjaan"":""7 hari kerja""}"
"ef41b915-d605-44d0-83c1-698f07505a01","eca1f2f6-88c4-4a0e-8a50-492111342207","Kenangan Abadi","photographer","Prewedding Outdoor","Sesi pemotretan di satu atau dua lokasi pilihan, termasuk survei lokasi dan penyusunan konsep bersama sebelum hari pemotretan.","900000.00","21","{""durasi"":""6-8 jam"",""output"":""100 foto hasil seleksi, 40 foto retouch penuh, dan satu foto cetak ukuran besar berbingkai."",""area_layanan"":""Jabodetabek dan Bandung"",""gaya_fotografi"":""Cinematic, cahaya alami"",""jenis_fotografi"":""Prewedding"",""jumlah_fotografer"":""1 fotografer + 1 asisten"",""estimasi_pengerjaan"":""14 hari kerja""}"
"a261519d-a586-4f17-967d-d67a6e526217","eca1f2f6-88c4-4a0e-8a50-492111342207","Kenangan Abadi","photographer","Dokumentasi Akad & Resepsi","Liputan penuh dari persiapan pagi sampai resepsi selesai, dikerjakan lebih dari satu fotografer agar tidak ada momen terlewat.","1500000.00","30","{""durasi"":""10-12 jam"",""output"":""Seluruh file hasil seleksi dalam resolusi penuh, 200 foto retouch, album cetak 20 halaman, dan cadangan penyimpanan digital."",""area_layanan"":""Jabodetabek, luar kota dengan biaya perjalanan"",""gaya_fotografi"":""Candid dan formal, keduanya"",""jenis_fotografi"":""Dokumentasi pernikahan"",""jumlah_fotografer"":""2 fotografer + 1 asisten"",""estimasi_pengerjaan"":""21-30 hari kerja""}"
"4073de4f-ed31-4e39-b355-001a76810f71","eca1f2f6-88c4-4a0e-8a50-492111342207","Kenangan Abadi","photographer","Paket Foto & Video Sinematik","Dokumentasi foto sekaligus video, termasuk video pendek sinematik dan rekaman utuh jalannya acara.","2850000.00","45","{""durasi"":""12 jam"",""output"":""Semua foto hasil seleksi, 250 foto retouch, video highlight 5 menit, video dokumenter 30 menit, dan album cetak premium."",""area_layanan"":""Seluruh Indonesia dengan biaya perjalanan"",""gaya_fotografi"":""Sinematik"",""jenis_fotografi"":""Foto + videografi"",""jumlah_fotografer"":""2 fotografer + 2 videografer"",""estimasi_pengerjaan"":""30-45 hari kerja""}"
"8603e6e2-0b3a-4d2d-b4d2-047f5f136bed","a95a4f23-8669-43ab-8c66-7e457625c1a4","Lanskap Visual Studio","photographer","Dokumentasi Wisuda","Liputan hari wisuda mulai dari prosesi di kampus sampai sesi foto bersama keluarga setelah acara selesai.","900000.00","5","{""durasi"":""4 jam"",""output"":""80 foto hasil seleksi, 20 foto retouch, dan cetak 4R sebanyak sepuluh lembar."",""area_layanan"":""Jabodetabek"",""gaya_fotografi"":""Candid dan foto kelompok"",""jenis_fotografi"":""Dokumentasi wisuda"",""jumlah_fotografer"":""1 fotografer"",""estimasi_pengerjaan"":""7 hari kerja""}"
"b5e807a3-2d53-48df-a945-e177f17eb857","a95a4f23-8669-43ab-8c66-7e457625c1a4","Lanskap Visual Studio","photographer","Foto Keluarga Studio","Pemotretan keluarga di studio dengan beberapa pilihan latar dan penataan cahaya, cocok untuk foto resmi keluarga besar.","1050000.00","7","{""durasi"":""2-3 jam"",""output"":""50 foto hasil seleksi, 15 foto retouch, dan cetak 10R sebanyak lima lembar."",""area_layanan"":""Studio sendiri"",""gaya_fotografi"":""Formal, latar bersih"",""jenis_fotografi"":""Foto keluarga"",""jumlah_fotografer"":""1 fotografer"",""estimasi_pengerjaan"":""7 hari kerja""}"
"197383c5-7177-418e-8aac-a4b8ebd7a5dd","a95a4f23-8669-43ab-8c66-7e457625c1a4","Lanskap Visual Studio","photographer","Prewedding Outdoor","Sesi pemotretan di satu atau dua lokasi pilihan, termasuk survei lokasi dan penyusunan konsep bersama sebelum hari pemotretan.","1800000.00","21","{""durasi"":""6-8 jam"",""output"":""100 foto hasil seleksi, 40 foto retouch penuh, dan satu foto cetak ukuran besar berbingkai."",""area_layanan"":""Jabodetabek dan Bandung"",""gaya_fotografi"":""Cinematic, cahaya alami"",""jenis_fotografi"":""Prewedding"",""jumlah_fotografer"":""1 fotografer + 1 asisten"",""estimasi_pengerjaan"":""14 hari kerja""}"
"347eda96-404f-4511-a951-4e81a93d852a","a95a4f23-8669-43ab-8c66-7e457625c1a4","Lanskap Visual Studio","photographer","Dokumentasi Akad & Resepsi","Liputan penuh dari persiapan pagi sampai resepsi selesai, dikerjakan lebih dari satu fotografer agar tidak ada momen terlewat.","3000000.00","30","{""durasi"":""10-12 jam"",""output"":""Seluruh file hasil seleksi dalam resolusi penuh, 200 foto retouch, album cetak 20 halaman, dan cadangan penyimpanan digital."",""area_layanan"":""Jabodetabek, luar kota dengan biaya perjalanan"",""gaya_fotografi"":""Candid dan formal, keduanya"",""jenis_fotografi"":""Dokumentasi pernikahan"",""jumlah_fotografer"":""2 fotografer + 1 asisten"",""estimasi_pengerjaan"":""21-30 hari kerja""}"
"22a7810b-41d2-4fee-ae49-612513248976","a95a4f23-8669-43ab-8c66-7e457625c1a4","Lanskap Visual Studio","photographer","Paket Foto & Video Sinematik","Dokumentasi foto sekaligus video, termasuk video pendek sinematik dan rekaman utuh jalannya acara.","5700000.00","45","{""durasi"":""12 jam"",""output"":""Semua foto hasil seleksi, 250 foto retouch, video highlight 5 menit, video dokumenter 30 menit, dan album cetak premium."",""area_layanan"":""Seluruh Indonesia dengan biaya perjalanan"",""gaya_fotografi"":""Sinematik"",""jenis_fotografi"":""Foto + videografi"",""jumlah_fotografer"":""2 fotografer + 2 videografer"",""estimasi_pengerjaan"":""30-45 hari kerja""}"
"38fd6b1b-64dc-40e1-8980-916e888630bf","7a037ffa-95a2-4ff0-afec-d23758b06c15","Momen Berharga Photo","photographer","Dokumentasi Wisuda","Liputan hari wisuda mulai dari prosesi di kampus sampai sesi foto bersama keluarga setelah acara selesai.","350000.00","5","{""durasi"":""4 jam"",""output"":""80 foto hasil seleksi, 20 foto retouch, dan cetak 4R sebanyak sepuluh lembar."",""area_layanan"":""Jabodetabek"",""gaya_fotografi"":""Candid dan foto kelompok"",""jenis_fotografi"":""Dokumentasi wisuda"",""jumlah_fotografer"":""1 fotografer"",""estimasi_pengerjaan"":""7 hari kerja""}"
"5c8322ed-6fdf-41b8-8ecf-e1d961752122","7a037ffa-95a2-4ff0-afec-d23758b06c15","Momen Berharga Photo","photographer","Foto Keluarga Studio","Pemotretan keluarga di studio dengan beberapa pilihan latar dan penataan cahaya, cocok untuk foto resmi keluarga besar.","400000.00","7","{""durasi"":""2-3 jam"",""output"":""50 foto hasil seleksi, 15 foto retouch, dan cetak 10R sebanyak lima lembar."",""area_layanan"":""Studio sendiri"",""gaya_fotografi"":""Formal, latar bersih"",""jenis_fotografi"":""Foto keluarga"",""jumlah_fotografer"":""1 fotografer"",""estimasi_pengerjaan"":""7 hari kerja""}"
"49b2f1a9-35d6-49d4-bf14-68a67c5df836","7a037ffa-95a2-4ff0-afec-d23758b06c15","Momen Berharga Photo","photographer","Prewedding Outdoor","Sesi pemotretan di satu atau dua lokasi pilihan, termasuk survei lokasi dan penyusunan konsep bersama sebelum hari pemotretan.","650000.00","21","{""durasi"":""6-8 jam"",""output"":""100 foto hasil seleksi, 40 foto retouch penuh, dan satu foto cetak ukuran besar berbingkai."",""area_layanan"":""Jabodetabek dan Bandung"",""gaya_fotografi"":""Cinematic, cahaya alami"",""jenis_fotografi"":""Prewedding"",""jumlah_fotografer"":""1 fotografer + 1 asisten"",""estimasi_pengerjaan"":""14 hari kerja""}"
"587e9d5a-1052-4422-9d55-bbe7a8833285","7a037ffa-95a2-4ff0-afec-d23758b06c15","Momen Berharga Photo","photographer","Dokumentasi Akad & Resepsi","Liputan penuh dari persiapan pagi sampai resepsi selesai, dikerjakan lebih dari satu fotografer agar tidak ada momen terlewat.","1100000.00","30","{""durasi"":""10-12 jam"",""output"":""Seluruh file hasil seleksi dalam resolusi penuh, 200 foto retouch, album cetak 20 halaman, dan cadangan penyimpanan digital."",""area_layanan"":""Jabodetabek, luar kota dengan biaya perjalanan"",""gaya_fotografi"":""Candid dan formal, keduanya"",""jenis_fotografi"":""Dokumentasi pernikahan"",""jumlah_fotografer"":""2 fotografer + 1 asisten"",""estimasi_pengerjaan"":""21-30 hari kerja""}"
"54e5a9fd-177e-4e53-9340-a28af32a8ff2","7a037ffa-95a2-4ff0-afec-d23758b06c15","Momen Berharga Photo","photographer","Paket Foto & Video Sinematik","Dokumentasi foto sekaligus video, termasuk video pendek sinematik dan rekaman utuh jalannya acara.","2100000.00","45","{""durasi"":""12 jam"",""output"":""Semua foto hasil seleksi, 250 foto retouch, video highlight 5 menit, video dokumenter 30 menit, dan album cetak premium."",""area_layanan"":""Seluruh Indonesia dengan biaya perjalanan"",""gaya_fotografi"":""Sinematik"",""jenis_fotografi"":""Foto + videografi"",""jumlah_fotografer"":""2 fotografer + 2 videografer"",""estimasi_pengerjaan"":""30-45 hari kerja""}"
"a1120665-ee9a-4361-a0e3-65a9591299c6","416f7fb5-9c95-4e30-a70e-46fb069d4b02","Narasi Visual Studio","photographer","Dokumentasi Wisuda","Liputan hari wisuda mulai dari prosesi di kampus sampai sesi foto bersama keluarga setelah acara selesai.","500000.00","5","{""durasi"":""4 jam"",""output"":""80 foto hasil seleksi, 20 foto retouch, dan cetak 4R sebanyak sepuluh lembar."",""area_layanan"":""Jabodetabek"",""gaya_fotografi"":""Candid dan foto kelompok"",""jenis_fotografi"":""Dokumentasi wisuda"",""jumlah_fotografer"":""1 fotografer"",""estimasi_pengerjaan"":""7 hari kerja""}"
"1a69d83d-1938-4968-962e-985ea82bc908","416f7fb5-9c95-4e30-a70e-46fb069d4b02","Narasi Visual Studio","photographer","Foto Keluarga Studio","Pemotretan keluarga di studio dengan beberapa pilihan latar dan penataan cahaya, cocok untuk foto resmi keluarga besar.","550000.00","7","{""durasi"":""2-3 jam"",""output"":""50 foto hasil seleksi, 15 foto retouch, dan cetak 10R sebanyak lima lembar."",""area_layanan"":""Studio sendiri"",""gaya_fotografi"":""Formal, latar bersih"",""jenis_fotografi"":""Foto keluarga"",""jumlah_fotografer"":""1 fotografer"",""estimasi_pengerjaan"":""7 hari kerja""}"
"1cc11800-a74f-49c6-8645-151dc62f2189","416f7fb5-9c95-4e30-a70e-46fb069d4b02","Narasi Visual Studio","photographer","Prewedding Outdoor","Sesi pemotretan di satu atau dua lokasi pilihan, termasuk survei lokasi dan penyusunan konsep bersama sebelum hari pemotretan.","950000.00","21","{""durasi"":""6-8 jam"",""output"":""100 foto hasil seleksi, 40 foto retouch penuh, dan satu foto cetak ukuran besar berbingkai."",""area_layanan"":""Jabodetabek dan Bandung"",""gaya_fotografi"":""Cinematic, cahaya alami"",""jenis_fotografi"":""Prewedding"",""jumlah_fotografer"":""1 fotografer + 1 asisten"",""estimasi_pengerjaan"":""14 hari kerja""}"
"302f9259-1bdf-4954-bd1e-2fecf1677a53","416f7fb5-9c95-4e30-a70e-46fb069d4b02","Narasi Visual Studio","photographer","Dokumentasi Akad & Resepsi","Liputan penuh dari persiapan pagi sampai resepsi selesai, dikerjakan lebih dari satu fotografer agar tidak ada momen terlewat.","1600000.00","30","{""durasi"":""10-12 jam"",""output"":""Seluruh file hasil seleksi dalam resolusi penuh, 200 foto retouch, album cetak 20 halaman, dan cadangan penyimpanan digital."",""area_layanan"":""Jabodetabek, luar kota dengan biaya perjalanan"",""gaya_fotografi"":""Candid dan formal, keduanya"",""jenis_fotografi"":""Dokumentasi pernikahan"",""jumlah_fotografer"":""2 fotografer + 1 asisten"",""estimasi_pengerjaan"":""21-30 hari kerja""}"
"7e447314-d67e-4a9f-840f-c8b7cb6a566a","416f7fb5-9c95-4e30-a70e-46fb069d4b02","Narasi Visual Studio","photographer","Paket Foto & Video Sinematik","Dokumentasi foto sekaligus video, termasuk video pendek sinematik dan rekaman utuh jalannya acara.","3050000.00","45","{""durasi"":""12 jam"",""output"":""Semua foto hasil seleksi, 250 foto retouch, video highlight 5 menit, video dokumenter 30 menit, dan album cetak premium."",""area_layanan"":""Seluruh Indonesia dengan biaya perjalanan"",""gaya_fotografi"":""Sinematik"",""jenis_fotografi"":""Foto + videografi"",""jumlah_fotografer"":""2 fotografer + 2 videografer"",""estimasi_pengerjaan"":""30-45 hari kerja""}"
"35a215c0-6398-4b66-82f9-a9029788884f","5f9d0a3b-e10f-42ef-90f6-c72fc1eb145b","Optik Prima Studio","photographer","Dokumentasi Wisuda","Liputan hari wisuda mulai dari prosesi di kampus sampai sesi foto bersama keluarga setelah acara selesai.","400000.00","5","{""durasi"":""4 jam"",""output"":""80 foto hasil seleksi, 20 foto retouch, dan cetak 4R sebanyak sepuluh lembar."",""area_layanan"":""Jabodetabek"",""gaya_fotografi"":""Candid dan foto kelompok"",""jenis_fotografi"":""Dokumentasi wisuda"",""jumlah_fotografer"":""1 fotografer"",""estimasi_pengerjaan"":""7 hari kerja""}"
"e4957692-4cea-4adf-ac82-233fba629450","5f9d0a3b-e10f-42ef-90f6-c72fc1eb145b","Optik Prima Studio","photographer","Foto Keluarga Studio","Pemotretan keluarga di studio dengan beberapa pilihan latar dan penataan cahaya, cocok untuk foto resmi keluarga besar.","500000.00","7","{""durasi"":""2-3 jam"",""output"":""50 foto hasil seleksi, 15 foto retouch, dan cetak 10R sebanyak lima lembar."",""area_layanan"":""Studio sendiri"",""gaya_fotografi"":""Formal, latar bersih"",""jenis_fotografi"":""Foto keluarga"",""jumlah_fotografer"":""1 fotografer"",""estimasi_pengerjaan"":""7 hari kerja""}"
"129101e0-f8e5-476f-9a28-80052252ff6c","5f9d0a3b-e10f-42ef-90f6-c72fc1eb145b","Optik Prima Studio","photographer","Prewedding Outdoor","Sesi pemotretan di satu atau dua lokasi pilihan, termasuk survei lokasi dan penyusunan konsep bersama sebelum hari pemotretan.","850000.00","21","{""durasi"":""6-8 jam"",""output"":""100 foto hasil seleksi, 40 foto retouch penuh, dan satu foto cetak ukuran besar berbingkai."",""area_layanan"":""Jabodetabek dan Bandung"",""gaya_fotografi"":""Cinematic, cahaya alami"",""jenis_fotografi"":""Prewedding"",""jumlah_fotografer"":""1 fotografer + 1 asisten"",""estimasi_pengerjaan"":""14 hari kerja""}"
"dd1ff203-cb52-4394-af44-eeb4e7cee83a","5f9d0a3b-e10f-42ef-90f6-c72fc1eb145b","Optik Prima Studio","photographer","Dokumentasi Akad & Resepsi","Liputan penuh dari persiapan pagi sampai resepsi selesai, dikerjakan lebih dari satu fotografer agar tidak ada momen terlewat.","1400000.00","30","{""durasi"":""10-12 jam"",""output"":""Seluruh file hasil seleksi dalam resolusi penuh, 200 foto retouch, album cetak 20 halaman, dan cadangan penyimpanan digital."",""area_layanan"":""Jabodetabek, luar kota dengan biaya perjalanan"",""gaya_fotografi"":""Candid dan formal, keduanya"",""jenis_fotografi"":""Dokumentasi pernikahan"",""jumlah_fotografer"":""2 fotografer + 1 asisten"",""estimasi_pengerjaan"":""21-30 hari kerja""}"
"3fd251f9-1a2e-4d59-9d6c-7301d559e893","5f9d0a3b-e10f-42ef-90f6-c72fc1eb145b","Optik Prima Studio","photographer","Paket Foto & Video Sinematik","Dokumentasi foto sekaligus video, termasuk video pendek sinematik dan rekaman utuh jalannya acara.","2650000.00","45","{""durasi"":""12 jam"",""output"":""Semua foto hasil seleksi, 250 foto retouch, video highlight 5 menit, video dokumenter 30 menit, dan album cetak premium."",""area_layanan"":""Seluruh Indonesia dengan biaya perjalanan"",""gaya_fotografi"":""Sinematik"",""jenis_fotografi"":""Foto + videografi"",""jumlah_fotografer"":""2 fotografer + 2 videografer"",""estimasi_pengerjaan"":""30-45 hari kerja""}"
"f94dc329-83bf-4137-bec4-76eb05a310ff","ce9cc5e1-5216-43cc-82a9-33fb53b44e9b","Precious Moments Photo","photographer","Dokumentasi Wisuda","Liputan hari wisuda mulai dari prosesi di kampus sampai sesi foto bersama keluarga setelah acara selesai.","350000.00","5","{""durasi"":""4 jam"",""output"":""80 foto hasil seleksi, 20 foto retouch, dan cetak 4R sebanyak sepuluh lembar."",""area_layanan"":""Jabodetabek"",""gaya_fotografi"":""Candid dan foto kelompok"",""jenis_fotografi"":""Dokumentasi wisuda"",""jumlah_fotografer"":""1 fotografer"",""estimasi_pengerjaan"":""7 hari kerja""}"
"726b08e0-16ca-472f-bc33-7df1adfb8401","ce9cc5e1-5216-43cc-82a9-33fb53b44e9b","Precious Moments Photo","photographer","Foto Keluarga Studio","Pemotretan keluarga di studio dengan beberapa pilihan latar dan penataan cahaya, cocok untuk foto resmi keluarga besar.","400000.00","7","{""durasi"":""2-3 jam"",""output"":""50 foto hasil seleksi, 15 foto retouch, dan cetak 10R sebanyak lima lembar."",""area_layanan"":""Studio sendiri"",""gaya_fotografi"":""Formal, latar bersih"",""jenis_fotografi"":""Foto keluarga"",""jumlah_fotografer"":""1 fotografer"",""estimasi_pengerjaan"":""7 hari kerja""}"
"c595385c-ee1b-41d4-a704-40335b9a0930","ce9cc5e1-5216-43cc-82a9-33fb53b44e9b","Precious Moments Photo","photographer","Prewedding Outdoor","Sesi pemotretan di satu atau dua lokasi pilihan, termasuk survei lokasi dan penyusunan konsep bersama sebelum hari pemotretan.","700000.00","21","{""durasi"":""6-8 jam"",""output"":""100 foto hasil seleksi, 40 foto retouch penuh, dan satu foto cetak ukuran besar berbingkai."",""area_layanan"":""Jabodetabek dan Bandung"",""gaya_fotografi"":""Cinematic, cahaya alami"",""jenis_fotografi"":""Prewedding"",""jumlah_fotografer"":""1 fotografer + 1 asisten"",""estimasi_pengerjaan"":""14 hari kerja""}"
"9ba72ce3-808f-4931-9ac2-e9248e40a638","ce9cc5e1-5216-43cc-82a9-33fb53b44e9b","Precious Moments Photo","photographer","Dokumentasi Akad & Resepsi","Liputan penuh dari persiapan pagi sampai resepsi selesai, dikerjakan lebih dari satu fotografer agar tidak ada momen terlewat.","1200000.00","30","{""durasi"":""10-12 jam"",""output"":""Seluruh file hasil seleksi dalam resolusi penuh, 200 foto retouch, album cetak 20 halaman, dan cadangan penyimpanan digital."",""area_layanan"":""Jabodetabek, luar kota dengan biaya perjalanan"",""gaya_fotografi"":""Candid dan formal, keduanya"",""jenis_fotografi"":""Dokumentasi pernikahan"",""jumlah_fotografer"":""2 fotografer + 1 asisten"",""estimasi_pengerjaan"":""21-30 hari kerja""}"
"52124d6d-1f49-44c3-b6f3-9ad67e6725df","ce9cc5e1-5216-43cc-82a9-33fb53b44e9b","Precious Moments Photo","photographer","Paket Foto & Video Sinematik","Dokumentasi foto sekaligus video, termasuk video pendek sinematik dan rekaman utuh jalannya acara.","2300000.00","45","{""durasi"":""12 jam"",""output"":""Semua foto hasil seleksi, 250 foto retouch, video highlight 5 menit, video dokumenter 30 menit, dan album cetak premium."",""area_layanan"":""Seluruh Indonesia dengan biaya perjalanan"",""gaya_fotografi"":""Sinematik"",""jenis_fotografi"":""Foto + videografi"",""jumlah_fotografer"":""2 fotografer + 2 videografer"",""estimasi_pengerjaan"":""30-45 hari kerja""}"
"ead4d2cb-d66a-4be2-896e-9195160c3b02","aa7540e1-f613-483a-894e-04bb5c2818fd","Quality Foto Studio","photographer","Dokumentasi Wisuda","Liputan hari wisuda mulai dari prosesi di kampus sampai sesi foto bersama keluarga setelah acara selesai.","650000.00","5","{""durasi"":""4 jam"",""output"":""80 foto hasil seleksi, 20 foto retouch, dan cetak 4R sebanyak sepuluh lembar."",""area_layanan"":""Jabodetabek"",""gaya_fotografi"":""Candid dan foto kelompok"",""jenis_fotografi"":""Dokumentasi wisuda"",""jumlah_fotografer"":""1 fotografer"",""estimasi_pengerjaan"":""7 hari kerja""}"
"87f0c4c2-8630-47e4-a078-7a25a13844f2","aa7540e1-f613-483a-894e-04bb5c2818fd","Quality Foto Studio","photographer","Foto Keluarga Studio","Pemotretan keluarga di studio dengan beberapa pilihan latar dan penataan cahaya, cocok untuk foto resmi keluarga besar.","750000.00","7","{""durasi"":""2-3 jam"",""output"":""50 foto hasil seleksi, 15 foto retouch, dan cetak 10R sebanyak lima lembar."",""area_layanan"":""Studio sendiri"",""gaya_fotografi"":""Formal, latar bersih"",""jenis_fotografi"":""Foto keluarga"",""jumlah_fotografer"":""1 fotografer"",""estimasi_pengerjaan"":""7 hari kerja""}"
"e859bfe0-6241-4ed8-b63a-a609ba7de86f","aa7540e1-f613-483a-894e-04bb5c2818fd","Quality Foto Studio","photographer","Prewedding Outdoor","Sesi pemotretan di satu atau dua lokasi pilihan, termasuk survei lokasi dan penyusunan konsep bersama sebelum hari pemotretan.","1300000.00","21","{""durasi"":""6-8 jam"",""output"":""100 foto hasil seleksi, 40 foto retouch penuh, dan satu foto cetak ukuran besar berbingkai."",""area_layanan"":""Jabodetabek dan Bandung"",""gaya_fotografi"":""Cinematic, cahaya alami"",""jenis_fotografi"":""Prewedding"",""jumlah_fotografer"":""1 fotografer + 1 asisten"",""estimasi_pengerjaan"":""14 hari kerja""}"
"8219b5f4-c4f4-4907-a429-846f87d6482d","aa7540e1-f613-483a-894e-04bb5c2818fd","Quality Foto Studio","photographer","Dokumentasi Akad & Resepsi","Liputan penuh dari persiapan pagi sampai resepsi selesai, dikerjakan lebih dari satu fotografer agar tidak ada momen terlewat.","2200000.00","30","{""durasi"":""10-12 jam"",""output"":""Seluruh file hasil seleksi dalam resolusi penuh, 200 foto retouch, album cetak 20 halaman, dan cadangan penyimpanan digital."",""area_layanan"":""Jabodetabek, luar kota dengan biaya perjalanan"",""gaya_fotografi"":""Candid dan formal, keduanya"",""jenis_fotografi"":""Dokumentasi pernikahan"",""jumlah_fotografer"":""2 fotografer + 1 asisten"",""estimasi_pengerjaan"":""21-30 hari kerja""}"
"781b83f2-82dd-4dba-a3f9-636dfc735c30","aa7540e1-f613-483a-894e-04bb5c2818fd","Quality Foto Studio","photographer","Paket Foto & Video Sinematik","Dokumentasi foto sekaligus video, termasuk video pendek sinematik dan rekaman utuh jalannya acara.","4200000.00","45","{""durasi"":""12 jam"",""output"":""Semua foto hasil seleksi, 250 foto retouch, video highlight 5 menit, video dokumenter 30 menit, dan album cetak premium."",""area_layanan"":""Seluruh Indonesia dengan biaya perjalanan"",""gaya_fotografi"":""Sinematik"",""jenis_fotografi"":""Foto + videografi"",""jumlah_fotografer"":""2 fotografer + 2 videografer"",""estimasi_pengerjaan"":""30-45 hari kerja""}"
"5b104d46-99dc-4cab-84f9-c2b542604bbc","adce0d95-926b-45a1-9ebc-336f1d6465d0","Romantik Frame Studio","photographer","Dokumentasi Wisuda","Liputan hari wisuda mulai dari prosesi di kampus sampai sesi foto bersama keluarga setelah acara selesai.","400000.00","5","{""durasi"":""4 jam"",""output"":""80 foto hasil seleksi, 20 foto retouch, dan cetak 4R sebanyak sepuluh lembar."",""area_layanan"":""Jabodetabek"",""gaya_fotografi"":""Candid dan foto kelompok"",""jenis_fotografi"":""Dokumentasi wisuda"",""jumlah_fotografer"":""1 fotografer"",""estimasi_pengerjaan"":""7 hari kerja""}"
"0e4db703-64f9-444e-9896-db2069cc056e","adce0d95-926b-45a1-9ebc-336f1d6465d0","Romantik Frame Studio","photographer","Foto Keluarga Studio","Pemotretan keluarga di studio dengan beberapa pilihan latar dan penataan cahaya, cocok untuk foto resmi keluarga besar.","450000.00","7","{""durasi"":""2-3 jam"",""output"":""50 foto hasil seleksi, 15 foto retouch, dan cetak 10R sebanyak lima lembar."",""area_layanan"":""Studio sendiri"",""gaya_fotografi"":""Formal, latar bersih"",""jenis_fotografi"":""Foto keluarga"",""jumlah_fotografer"":""1 fotografer"",""estimasi_pengerjaan"":""7 hari kerja""}"
"e430ba21-0889-4701-8038-6cf76532e060","adce0d95-926b-45a1-9ebc-336f1d6465d0","Romantik Frame Studio","photographer","Prewedding Outdoor","Sesi pemotretan di satu atau dua lokasi pilihan, termasuk survei lokasi dan penyusunan konsep bersama sebelum hari pemotretan.","800000.00","21","{""durasi"":""6-8 jam"",""output"":""100 foto hasil seleksi, 40 foto retouch penuh, dan satu foto cetak ukuran besar berbingkai."",""area_layanan"":""Jabodetabek dan Bandung"",""gaya_fotografi"":""Cinematic, cahaya alami"",""jenis_fotografi"":""Prewedding"",""jumlah_fotografer"":""1 fotografer + 1 asisten"",""estimasi_pengerjaan"":""14 hari kerja""}"
"a1de14d0-bee9-4404-b62f-afa29b842d5c","adce0d95-926b-45a1-9ebc-336f1d6465d0","Romantik Frame Studio","photographer","Dokumentasi Akad & Resepsi","Liputan penuh dari persiapan pagi sampai resepsi selesai, dikerjakan lebih dari satu fotografer agar tidak ada momen terlewat.","1300000.00","30","{""durasi"":""10-12 jam"",""output"":""Seluruh file hasil seleksi dalam resolusi penuh, 200 foto retouch, album cetak 20 halaman, dan cadangan penyimpanan digital."",""area_layanan"":""Jabodetabek, luar kota dengan biaya perjalanan"",""gaya_fotografi"":""Candid dan formal, keduanya"",""jenis_fotografi"":""Dokumentasi pernikahan"",""jumlah_fotografer"":""2 fotografer + 1 asisten"",""estimasi_pengerjaan"":""21-30 hari kerja""}"
"d5aac858-7201-4fba-8cd4-dad43981ce48","adce0d95-926b-45a1-9ebc-336f1d6465d0","Romantik Frame Studio","photographer","Paket Foto & Video Sinematik","Dokumentasi foto sekaligus video, termasuk video pendek sinematik dan rekaman utuh jalannya acara.","2450000.00","45","{""durasi"":""12 jam"",""output"":""Semua foto hasil seleksi, 250 foto retouch, video highlight 5 menit, video dokumenter 30 menit, dan album cetak premium."",""area_layanan"":""Seluruh Indonesia dengan biaya perjalanan"",""gaya_fotografi"":""Sinematik"",""jenis_fotografi"":""Foto + videografi"",""jumlah_fotografer"":""2 fotografer + 2 videografer"",""estimasi_pengerjaan"":""30-45 hari kerja""}"
"e6796de0-fdc6-48ac-9b1c-cdfae20a7a0e","8a7a09f7-f98b-459e-b0dc-34396306ec8b","Snapshot Elegant Studio","photographer","Dokumentasi Wisuda","Liputan hari wisuda mulai dari prosesi di kampus sampai sesi foto bersama keluarga setelah acara selesai.","300000.00","5","{""durasi"":""4 jam"",""output"":""80 foto hasil seleksi, 20 foto retouch, dan cetak 4R sebanyak sepuluh lembar."",""area_layanan"":""Jabodetabek"",""gaya_fotografi"":""Candid dan foto kelompok"",""jenis_fotografi"":""Dokumentasi wisuda"",""jumlah_fotografer"":""1 fotografer"",""estimasi_pengerjaan"":""7 hari kerja""}"
"9ce1ef56-79c0-442f-9718-4efe948e90b0","8a7a09f7-f98b-459e-b0dc-34396306ec8b","Snapshot Elegant Studio","photographer","Foto Keluarga Studio","Pemotretan keluarga di studio dengan beberapa pilihan latar dan penataan cahaya, cocok untuk foto resmi keluarga besar.","350000.00","7","{""durasi"":""2-3 jam"",""output"":""50 foto hasil seleksi, 15 foto retouch, dan cetak 10R sebanyak lima lembar."",""area_layanan"":""Studio sendiri"",""gaya_fotografi"":""Formal, latar bersih"",""jenis_fotografi"":""Foto keluarga"",""jumlah_fotografer"":""1 fotografer"",""estimasi_pengerjaan"":""7 hari kerja""}"
"11bd6fda-bd05-4525-8ffa-2cfabdd15f52","8a7a09f7-f98b-459e-b0dc-34396306ec8b","Snapshot Elegant Studio","photographer","Prewedding Outdoor","Sesi pemotretan di satu atau dua lokasi pilihan, termasuk survei lokasi dan penyusunan konsep bersama sebelum hari pemotretan.","600000.00","21","{""durasi"":""6-8 jam"",""output"":""100 foto hasil seleksi, 40 foto retouch penuh, dan satu foto cetak ukuran besar berbingkai."",""area_layanan"":""Jabodetabek dan Bandung"",""gaya_fotografi"":""Cinematic, cahaya alami"",""jenis_fotografi"":""Prewedding"",""jumlah_fotografer"":""1 fotografer + 1 asisten"",""estimasi_pengerjaan"":""14 hari kerja""}"
"b925e132-f1f6-4f6b-bc45-bc2e5558d7f1","8a7a09f7-f98b-459e-b0dc-34396306ec8b","Snapshot Elegant Studio","photographer","Dokumentasi Akad & Resepsi","Liputan penuh dari persiapan pagi sampai resepsi selesai, dikerjakan lebih dari satu fotografer agar tidak ada momen terlewat.","1000000.00","30","{""durasi"":""10-12 jam"",""output"":""Seluruh file hasil seleksi dalam resolusi penuh, 200 foto retouch, album cetak 20 halaman, dan cadangan penyimpanan digital."",""area_layanan"":""Jabodetabek, luar kota dengan biaya perjalanan"",""gaya_fotografi"":""Candid dan formal, keduanya"",""jenis_fotografi"":""Dokumentasi pernikahan"",""jumlah_fotografer"":""2 fotografer + 1 asisten"",""estimasi_pengerjaan"":""21-30 hari kerja""}"
"49d837f4-4d19-43e3-8d5a-efce6917bca9","8a7a09f7-f98b-459e-b0dc-34396306ec8b","Snapshot Elegant Studio","photographer","Paket Foto & Video Sinematik","Dokumentasi foto sekaligus video, termasuk video pendek sinematik dan rekaman utuh jalannya acara.","1900000.00","45","{""durasi"":""12 jam"",""output"":""Semua foto hasil seleksi, 250 foto retouch, video highlight 5 menit, video dokumenter 30 menit, dan album cetak premium."",""area_layanan"":""Seluruh Indonesia dengan biaya perjalanan"",""gaya_fotografi"":""Sinematik"",""jenis_fotografi"":""Foto + videografi"",""jumlah_fotografer"":""2 fotografer + 2 videografer"",""estimasi_pengerjaan"":""30-45 hari kerja""}"
"62f23dfc-0218-4529-892b-4f7631067846","4e8b80c7-bc85-408c-a034-3424e8cb4c83","Timeless Photo Studio","photographer","Dokumentasi Wisuda","Liputan hari wisuda mulai dari prosesi di kampus sampai sesi foto bersama keluarga setelah acara selesai.","550000.00","5","{""durasi"":""4 jam"",""output"":""80 foto hasil seleksi, 20 foto retouch, dan cetak 4R sebanyak sepuluh lembar."",""area_layanan"":""Jabodetabek"",""gaya_fotografi"":""Candid dan foto kelompok"",""jenis_fotografi"":""Dokumentasi wisuda"",""jumlah_fotografer"":""1 fotografer"",""estimasi_pengerjaan"":""7 hari kerja""}"
"febc5473-8cfa-426f-8c7b-29c8c17ca0e4","4e8b80c7-bc85-408c-a034-3424e8cb4c83","Timeless Photo Studio","photographer","Foto Keluarga Studio","Pemotretan keluarga di studio dengan beberapa pilihan latar dan penataan cahaya, cocok untuk foto resmi keluarga besar.","650000.00","7","{""durasi"":""2-3 jam"",""output"":""50 foto hasil seleksi, 15 foto retouch, dan cetak 10R sebanyak lima lembar."",""area_layanan"":""Studio sendiri"",""gaya_fotografi"":""Formal, latar bersih"",""jenis_fotografi"":""Foto keluarga"",""jumlah_fotografer"":""1 fotografer"",""estimasi_pengerjaan"":""7 hari kerja""}"
"b4fefb20-c99c-4723-a162-51f7cf8e5073","4e8b80c7-bc85-408c-a034-3424e8cb4c83","Timeless Photo Studio","photographer","Prewedding Outdoor","Sesi pemotretan di satu atau dua lokasi pilihan, termasuk survei lokasi dan penyusunan konsep bersama sebelum hari pemotretan.","1100000.00","21","{""durasi"":""6-8 jam"",""output"":""100 foto hasil seleksi, 40 foto retouch penuh, dan satu foto cetak ukuran besar berbingkai."",""area_layanan"":""Jabodetabek dan Bandung"",""gaya_fotografi"":""Cinematic, cahaya alami"",""jenis_fotografi"":""Prewedding"",""jumlah_fotografer"":""1 fotografer + 1 asisten"",""estimasi_pengerjaan"":""14 hari kerja""}"
"38022558-b523-4c95-9d93-ac0cf7518cda","4e8b80c7-bc85-408c-a034-3424e8cb4c83","Timeless Photo Studio","photographer","Dokumentasi Akad & Resepsi","Liputan penuh dari persiapan pagi sampai resepsi selesai, dikerjakan lebih dari satu fotografer agar tidak ada momen terlewat.","1800000.00","30","{""durasi"":""10-12 jam"",""output"":""Seluruh file hasil seleksi dalam resolusi penuh, 200 foto retouch, album cetak 20 halaman, dan cadangan penyimpanan digital."",""area_layanan"":""Jabodetabek, luar kota dengan biaya perjalanan"",""gaya_fotografi"":""Candid dan formal, keduanya"",""jenis_fotografi"":""Dokumentasi pernikahan"",""jumlah_fotografer"":""2 fotografer + 1 asisten"",""estimasi_pengerjaan"":""21-30 hari kerja""}"
"ea88b758-e154-4572-977c-fe92f165cf5f","4e8b80c7-bc85-408c-a034-3424e8cb4c83","Timeless Photo Studio","photographer","Paket Foto & Video Sinematik","Dokumentasi foto sekaligus video, termasuk video pendek sinematik dan rekaman utuh jalannya acara.","3400000.00","45","{""durasi"":""12 jam"",""output"":""Semua foto hasil seleksi, 250 foto retouch, video highlight 5 menit, video dokumenter 30 menit, dan album cetak premium."",""area_layanan"":""Seluruh Indonesia dengan biaya perjalanan"",""gaya_fotografi"":""Sinematik"",""jenis_fotografi"":""Foto + videografi"",""jumlah_fotografer"":""2 fotografer + 2 videografer"",""estimasi_pengerjaan"":""30-45 hari kerja""}"
